participant_id,scanner,split,seen_in_training,source,wmh_ml,brain_ml,wmh_pct_brain,icv_ml,wmh_pct_icv,n_lesions,n_lesions_ge10mm3,lesion_median_mm3,largest_lesion_ml,largest_share,ventricle_source,wmh_periventricular_ml,wmh_deep_ml,periventricular_share
sub-000,utrecht_philips_3t,training,True,O1,24.1852,1629.7246,1.484,1836.781,1.3167,80,53,16.5312,12.6189,0.5218,ventriclessynthseg,22.9647,1.2206,0.9495
sub-000,utrecht_philips_3t,training,True,O3,17.4901,1629.7246,1.0732,1836.781,0.9522,33,29,27.5521,9.8829,0.5651,ventriclessynthseg,16.906,0.5841,0.9666
sub-000,utrecht_philips_3t,training,True,O4,25.4912,1629.7246,1.5641,1836.781,1.3878,63,49,16.5312,14.8891,0.5841,ventriclessynthseg,24.4056,1.0856,0.9574
sub-001,utrecht_philips_3t,test,True,O1,4.1025,1212.9884,0.3382,1397.289,0.2936,70,52,19.2865,1.3886,0.3385,ventriclessynthseg,2.9977,1.1048,0.7307
sub-001,utrecht_philips_3t,test,True,resencm,2.6064,1212.9884,0.2149,1397.289,0.1865,49,30,11.0208,1.1159,0.4281,ventriclessynthseg,2.0747,0.5318,0.796
sub-001,utrecht_philips_3t,test,True,threshold,5.3616,1212.9884,0.442,1397.289,0.3837,18,18,86.789,1.5319,0.2857,ventriclessynthseg,4.5709,0.7907,0.8525
sub-001,utrecht_philips_3t,test,True,resencm_da5,2.2069,1212.9884,0.1819,1397.289,0.1579,49,27,11.0208,1.0194,0.4619,ventriclessynthseg,1.7661,0.4408,0.8002
sub-001,utrecht_philips_3t,test,True,wmhsynthseg,10.7646,1212.9884,0.8874,1397.289,0.7704,21,17,66.125,3.3724,0.3133,ventriclessynthseg,10.1281,0.6365,0.9409
sub-002,utrecht_philips_3t,training,True,O1,32.674,1377.5355,2.3719,1585.183,2.0612,140,99,19.2865,12.6078,0.3859,ventriclessynthseg,22.9206,9.7534,0.7015
sub-002,utrecht_philips_3t,training,True,O3,32.1781,1377.5355,2.3359,1585.183,2.0299,106,76,20.6641,13.068,0.4061,ventriclessynthseg,23.6672,8.5108,0.7355
sub-002,utrecht_philips_3t,training,True,O4,29.2273,1377.5355,2.1217,1585.183,1.8438,139,91,16.5313,6.9183,0.2367,ventriclessynthseg,20.4767,8.7505,0.7006
sub-003,utrecht_philips_3t,test,True,O1,19.6088,1573.7001,1.246,1819.126,1.0779,96,64,12.3985,8.4998,0.4335,ventriclessynthseg,16.3109,3.298,0.8318
sub-003,utrecht_philips_3t,test,True,resencm,20.62,1573.7001,1.3103,1819.126,1.1335,73,48,13.7761,9.1638,0.4444,ventriclessynthseg,17.862,2.758,0.8662
sub-003,utrecht_philips_3t,test,True,threshold,25.3535,1573.7001,1.6111,1819.126,1.3937,30,30,132.2502,9.4614,0.3732,ventriclessynthseg,21.9949,3.3586,0.8675
sub-003,utrecht_philips_3t,test,True,resencm_da5,17.964,1573.7001,1.1415,1819.126,0.9875,77,47,11.0208,7.8827,0.4388,ventriclessynthseg,15.5835,2.3805,0.8675
sub-003,utrecht_philips_3t,test,True,wmhsynthseg,33.5833,1573.7001,2.134,1819.126,1.8461,16,14,176.3336,16.2805,0.4848,ventriclessynthseg,28.4944,5.0889,0.8485
sub-004,utrecht_philips_3t,training,True,O1,31.1063,1209.8556,2.5711,1347.149,2.309,62,43,19.2865,14.9498,0.4806,ventriclessynthseg,23.1327,7.9736,0.7437
sub-004,utrecht_philips_3t,training,True,O3,34.1646,1209.8556,2.8239,1347.149,2.5361,40,33,23.4193,16.3053,0.4773,ventriclessynthseg,25.4361,8.7285,0.7445
sub-004,utrecht_philips_3t,training,True,O4,30.8666,1209.8556,2.5513,1347.149,2.2913,33,29,30.3073,15.0324,0.487,ventriclessynthseg,23.1768,7.6898,0.7509
sub-005,utrecht_philips_3t,test,True,O1,2.0884,1491.2376,0.14,1651.316,0.1265,15,12,24.7969,0.6668,0.3193,ventriclessynthseg,1.9893,0.0992,0.9525
sub-005,utrecht_philips_3t,test,True,resencm,1.1682,1491.2376,0.0783,1651.316,0.0707,22,13,11.0208,0.416,0.3561,ventriclessynthseg,1.0966,0.0716,0.9387
sub-005,utrecht_philips_3t,test,True,threshold,14.1893,1491.2376,0.9515,1651.316,0.8593,34,34,101.9427,2.1215,0.1495,ventriclessynthseg,7.53,6.6593,0.5307
sub-005,utrecht_philips_3t,test,True,resencm_da5,1.0828,1491.2376,0.0726,1651.316,0.0656,18,13,15.1537,0.2921,0.2697,ventriclessynthseg,0.9946,0.0882,0.9186
sub-005,utrecht_philips_3t,test,True,wmhsynthseg,10.2356,1491.2376,0.6864,1651.316,0.6198,24,17,68.8802,2.8213,0.2756,ventriclessynthseg,7.3647,2.8709,0.7195
sub-006,utrecht_philips_3t,training,True,O1,1.7744,1403.6822,0.1264,1581.087,0.1122,23,19,19.2865,0.6282,0.354,ventriclessynthseg,1.733,0.0413,0.9767
sub-006,utrecht_philips_3t,training,True,O3,2.3722,1403.6822,0.169,1581.087,0.15,22,18,60.6146,0.6447,0.2718,ventriclessynthseg,2.273,0.0992,0.9582
sub-006,utrecht_philips_3t,training,True,O4,0.7301,1403.6822,0.052,1581.087,0.0462,8,8,50.9714,0.4271,0.5849,ventriclessynthseg,0.7191,0.011,0.9849
sub-007,utrecht_philips_3t,test,True,O1,28.6431,1288.5889,2.2228,1457.31,1.9655,81,65,19.2865,13.2278,0.4618,ventriclessynthseg,23.2622,5.3809,0.8121
sub-007,utrecht_philips_3t,test,True,resencm,25.4829,1288.5889,1.9776,1457.31,1.7486,57,40,16.5313,11.9686,0.4697,ventriclessynthseg,21.0002,4.4827,0.8241
sub-007,utrecht_philips_3t,test,True,threshold,32.6713,1288.5889,2.5354,1457.31,2.2419,31,31,88.1667,28.42,0.8699,ventriclessynthseg,27.6623,5.009,0.8467
sub-007,utrecht_philips_3t,test,True,resencm_da5,23.8573,1288.5889,1.8514,1457.31,1.6371,64,39,13.776,10.9905,0.4607,ventriclessynthseg,19.6088,4.2485,0.8219
sub-007,utrecht_philips_3t,test,True,wmhsynthseg,28.3291,1288.5889,2.1985,1457.31,1.9439,30,25,44.0833,14.6109,0.5158,ventriclessynthseg,22.1133,6.2158,0.7806
sub-008,utrecht_philips_3t,training,True,O1,1.5043,1345.1485,0.1118,1564.022,0.0962,59,44,13.776,0.1763,0.1172,ventriclessynthseg,0.9092,0.5951,0.6044
sub-008,utrecht_philips_3t,training,True,O3,1.8019,1345.1485,0.134,1564.022,0.1152,50,32,12.3984,0.4381,0.2431,ventriclessynthseg,1.339,0.4629,0.7431
sub-008,utrecht_philips_3t,training,True,O4,1.1159,1345.1485,0.083,1564.022,0.0713,39,26,16.5313,0.1929,0.1728,ventriclessynthseg,0.6943,0.4215,0.6222
sub-009,utrecht_philips_3t,test,True,O1,195.1542,1595.784,12.2294,1689.81,11.5489,23,21,38.5729,190.6026,0.9767,ventriclessynthseg,67.8057,127.3485,0.3474
sub-009,utrecht_philips_3t,test,True,resencm,97.3746,1595.784,6.102,1689.81,5.7625,42,17,8.2656,52.214,0.5362,ventriclessynthseg,34.0571,63.3175,0.3498
sub-009,utrecht_philips_3t,test,True,threshold,74.994,1595.784,4.6995,1689.81,4.438,35,32,68.8802,69.8087,0.9309,ventriclessynthseg,31.1779,43.8161,0.4157
sub-009,utrecht_philips_3t,test,True,resencm_da5,110.1312,1595.784,6.9014,1689.81,6.5174,37,20,11.0208,57.3607,0.5208,ventriclessynthseg,36.3164,73.8148,0.3298
sub-009,utrecht_philips_3t,test,True,wmhsynthseg,26.5712,1595.784,1.6651,1689.81,1.5724,34,27,34.4401,16.2475,0.6115,ventriclessynthseg,15.3272,11.244,0.5768
sub-010,utrecht_philips_3t,test,True,O1,6.64,1213.0453,0.5474,1398.685,0.4747,62,44,19.2864,1.1269,0.1697,ventriclessynthseg,5.2376,1.4024,0.7888
sub-010,utrecht_philips_3t,test,True,resencm,4.4276,1213.0453,0.365,1398.685,0.3166,49,31,24.7968,0.8458,0.191,ventriclessynthseg,3.5625,0.8651,0.8046
sub-010,utrecht_philips_3t,test,True,threshold,11.6435,1213.0453,0.9599,1398.685,0.8325,43,42,107.453,2.8627,0.2459,ventriclessynthseg,8.5742,3.0693,0.7364
sub-010,utrecht_philips_3t,test,True,resencm_da5,3.8242,1213.0453,0.3153,1398.685,0.2734,47,30,24.7968,0.7825,0.2046,ventriclessynthseg,3.0555,0.7687,0.799
sub-010,utrecht_philips_3t,test,True,wmhsynthseg,23.3641,1213.0453,1.9261,1398.685,1.6704,22,19,60.6145,11.244,0.4812,ventriclessynthseg,17.0823,6.2819,0.7311
sub-011,utrecht_philips_3t,training,True,O1,2.4632,1366.8787,0.1802,1573.186,0.1566,57,41,19.2865,0.5951,0.2416,ventriclessynthseg,1.6834,0.7797,0.6834
sub-011,utrecht_philips_3t,training,True,O3,2.4025,1366.8787,0.1758,1573.186,0.1527,41,33,33.0625,0.3857,0.1606,ventriclessynthseg,1.5016,0.901,0.625
sub-011,utrecht_philips_3t,training,True,O4,2.3226,1366.8787,0.1699,1573.186,0.1476,46,34,20.6641,0.394,0.1696,ventriclessynthseg,1.5402,0.7825,0.6631
sub-012,utrecht_philips_3t,test,True,O1,1.5181,1235.276,0.1229,1414.435,0.1073,40,26,11.0208,0.2893,0.1906,ventriclessynthseg,1.1875,0.3306,0.7822
sub-012,utrecht_philips_3t,test,True,resencm,0.8431,1235.276,0.0683,1414.435,0.0596,32,21,13.776,0.1736,0.2059,ventriclessynthseg,0.6805,0.1626,0.8072
sub-012,utrecht_philips_3t,test,True,threshold,10.7646,1235.276,0.8714,1414.435,0.7611,33,33,71.6354,1.8047,0.1676,ventriclessynthseg,5.7281,5.0365,0.5321
sub-012,utrecht_philips_3t,test,True,resencm_da5,0.5538,1235.276,0.0448,1414.435,0.0392,32,14,8.2656,0.113,0.204,ventriclessynthseg,0.4353,0.1185,0.7861
sub-012,utrecht_philips_3t,test,True,wmhsynthseg,6.7475,1235.276,0.5462,1414.435,0.477,15,13,74.3906,2.1132,0.3132,ventriclessynthseg,6.202,0.5455,0.9192
sub-013,utrecht_philips_3t,test,True,O1,51.4067,1374.5461,3.7399,1571.931,3.2703,111,70,13.776,48.2905,0.9394,ventriclessynthseg,33.8863,17.5204,0.6592
sub-013,utrecht_philips_3t,test,True,resencm,45.0118,1374.5461,3.2747,1571.931,2.8635,73,44,13.776,21.9645,0.488,ventriclessynthseg,29.646,15.3658,0.6586
sub-013,utrecht_philips_3t,test,True,threshold,41.3116,1374.5461,3.0055,1571.931,2.6281,35,35,112.9636,19.0881,0.4621,ventriclessynthseg,29.9105,11.4011,0.724
sub-013,utrecht_philips_3t,test,True,resencm_da5,42.5459,1374.5461,3.0953,1571.931,2.7066,75,45,16.5313,21.2206,0.4988,ventriclessynthseg,28.5137,14.0323,0.6702
sub-013,utrecht_philips_3t,test,True,wmhsynthseg,43.5103,1374.5461,3.1654,1571.931,2.7679,33,27,38.5729,21.2289,0.4879,ventriclessynthseg,30.9548,12.5555,0.7114
sub-014,utrecht_philips_3t,test,True,O1,14.261,1187.3874,1.201,1373.622,1.0382,112,81,17.9089,4.3202,0.3029,ventriclessynthseg,9.1115,5.1495,0.6389
sub-014,utrecht_philips_3t,test,True,resencm,11.2495,1187.3874,0.9474,1373.622,0.819,91,64,16.5313,3.9152,0.348,ventriclessynthseg,7.0616,4.1879,0.6277
sub-014,utrecht_philips_3t,test,True,threshold,17.2008,1187.3874,1.4486,1373.622,1.2522,39,39,63.3698,3.984,0.2316,ventriclessynthseg,12.4095,4.7913,0.7214
sub-014,utrecht_philips_3t,test,True,resencm_da5,9.0564,1187.3874,0.7627,1373.622,0.6593,96,65,13.776,2.9371,0.3243,ventriclessynthseg,5.5903,3.4661,0.6173
sub-014,utrecht_philips_3t,test,True,wmhsynthseg,18.6693,1187.3874,1.5723,1373.622,1.3591,32,25,77.1458,7.1718,0.3841,ventriclessynthseg,13.7926,4.8767,0.7388
sub-015,utrecht_philips_3t,test,True,O1,7.5052,1284.1337,0.5845,1502.875,0.4994,51,36,13.776,4.2265,0.5631,ventriclessynthseg,6.6511,0.8541,0.8862
sub-015,utrecht_philips_3t,test,True,resencm,6.5684,1284.1337,0.5115,1502.875,0.4371,35,21,16.5312,3.8821,0.591,ventriclessynthseg,6.0725,0.4959,0.9245
sub-015,utrecht_philips_3t,test,True,threshold,7.2462,1284.1337,0.5643,1502.875,0.4822,24,19,63.3698,3.8049,0.5251,ventriclessynthseg,6.6648,0.5813,0.9198
sub-015,utrecht_philips_3t,test,True,resencm_da5,5.8989,1284.1337,0.4594,1502.875,0.3925,32,20,17.9089,3.4743,0.589,ventriclessynthseg,5.4085,0.4904,0.9169
sub-015,utrecht_philips_3t,test,True,wmhsynthseg,23.4771,1284.1337,1.8282,1502.875,1.5621,14,9,38.5729,13.0927,0.5577,ventriclessynthseg,22.2428,1.2343,0.9474
sub-016,utrecht_philips_3t,test,True,O1,12.7456,1590.0808,0.8016,1768.566,0.7207,101,74,16.5313,5.2542,0.4122,ventriclessynthseg,9.7286,3.017,0.7633
sub-016,utrecht_philips_3t,test,True,resencm,11.3129,1590.0808,0.7115,1768.566,0.6397,70,41,12.3984,5.2845,0.4671,ventriclessynthseg,8.475,2.8379,0.7491
sub-016,utrecht_philips_3t,test,True,threshold,19.6309,1590.0808,1.2346,1768.566,1.11,32,32,130.8724,8.7726,0.4469,ventriclessynthseg,14.3409,5.29,0.7305
sub-016,utrecht_philips_3t,test,True,resencm_da5,10.1199,1590.0808,0.6364,1768.566,0.5722,76,39,11.0208,5.009,0.495,ventriclessynthseg,7.6567,2.4632,0.7566
sub-016,utrecht_philips_3t,test,True,wmhsynthseg,33.462,1590.0808,2.1044,1768.566,1.892,28,24,59.237,16.9363,0.5061,ventriclessynthseg,22.5679,10.8941,0.6744
sub-017,utrecht_philips_3t,training,True,O1,3.5046,1449.2344,0.2418,1694.044,0.2069,34,27,20.6641,0.8376,0.239,ventriclessynthseg,3.3586,0.146,0.9583
sub-017,utrecht_philips_3t,training,True,O3,4.4993,1449.2344,0.3105,1694.044,0.2656,27,18,19.2865,1.6779,0.3729,ventriclessynthseg,4.367,0.1323,0.9706
sub-017,utrecht_philips_3t,training,True,O4,2.758,1449.2344,0.1903,1694.044,0.1628,23,17,24.7969,0.8954,0.3247,ventriclessynthseg,2.6202,0.1378,0.95
sub-018,utrecht_philips_3t,test,True,O1,2.1408,1270.7765,0.1685,1463.775,0.1463,45,33,22.0417,0.4767,0.2227,ventriclessynthseg,1.4272,0.7136,0.6667
sub-018,utrecht_philips_3t,test,True,resencm,1.7496,1270.7765,0.1377,1463.775,0.1195,48,28,11.0208,0.4078,0.2331,ventriclessynthseg,1.2812,0.4684,0.7323
sub-018,utrecht_philips_3t,test,True,threshold,11.1118,1270.7765,0.8744,1463.775,0.7591,27,27,184.599,1.3528,0.1217,ventriclessynthseg,6.4169,4.6949,0.5775
sub-018,utrecht_philips_3t,test,True,resencm_da5,1.2729,1270.7765,0.1002,1463.775,0.087,39,25,13.776,0.259,0.2035,ventriclessynthseg,0.8762,0.3968,0.6883
sub-018,utrecht_philips_3t,test,True,wmhsynthseg,9.7342,1270.7765,0.766,1463.775,0.665,19,16,93.6771,4.0364,0.4147,ventriclessynthseg,6.7365,2.9977,0.692
sub-019,utrecht_philips_3t,training,True,O1,11.8915,1149.8545,1.0342,1323.657,0.8984,77,52,16.5313,5.0861,0.4277,ventriclessynthseg,10.029,1.8625,0.8434
sub-019,utrecht_philips_3t,training,True,O3,12.8035,1149.8545,1.1135,1323.657,0.9673,70,39,11.0208,6.0146,0.4698,ventriclessynthseg,11.2688,1.5347,0.8801
sub-019,utrecht_philips_3t,training,True,O4,11.8474,1149.8545,1.0303,1323.657,0.8951,68,46,13.7761,5.2928,0.4467,ventriclessynthseg,10.197,1.6504,0.8607
sub-019,utrecht_philips_3t,training,True,resencm,9.8196,1149.8545,0.854,1323.657,0.7419,60,33,11.0208,5.0503,0.5143,ventriclessynthseg,8.5852,1.2343,0.8743
sub-020,utrecht_philips_3t,test,True,O1,15.3382,1235.152,1.2418,1383.975,1.1083,76,58,20.6641,4.1466,0.2703,ventriclessynthseg,12.189,3.1492,0.7947
sub-020,utrecht_philips_3t,test,True,resencm,14.2747,1235.152,1.1557,1383.975,1.0314,92,57,12.3984,4.0584,0.2843,ventriclessynthseg,11.4369,2.8379,0.8012
sub-020,utrecht_philips_3t,test,True,threshold,19.0413,1235.152,1.5416,1383.975,1.3758,33,33,90.9219,7.2793,0.3823,ventriclessynthseg,15.0186,4.0226,0.7887
sub-020,utrecht_philips_3t,test,True,resencm_da5,17.851,1235.152,1.4452,1383.975,1.2898,102,63,13.776,9.274,0.5195,ventriclessynthseg,14.1204,3.7306,0.791
sub-020,utrecht_philips_3t,test,True,wmhsynthseg,21.1242,1235.152,1.7103,1383.975,1.5263,30,23,38.5729,9.8719,0.4673,ventriclessynthseg,19.4821,1.6421,0.9223
sub-021,utrecht_philips_3t,training,True,O1,24.8548,1573.9418,1.5791,1760.607,1.4117,115,85,19.2865,10.7233,0.4314,ventriclessynthseg,20.7908,4.0639,0.8365
sub-021,utrecht_philips_3t,training,True,O3,35.7847,1573.9418,2.2736,1760.607,2.0325,89,68,19.2865,15.0269,0.4199,ventriclessynthseg,31.1036,4.6811,0.8692
sub-021,utrecht_philips_3t,training,True,O4,28.442,1573.9418,1.8071,1760.607,1.6155,105,84,22.0417,11.4369,0.4021,ventriclessynthseg,24.3754,4.0667,0.857
sub-022,utrecht_philips_3t,test,True,O1,11.8116,1421.8555,0.8307,1616.103,0.7309,49,32,19.2864,5.3616,0.4539,ventriclessynthseg,11.4727,0.3389,0.9713
sub-022,utrecht_philips_3t,test,True,resencm,11.6104,1421.8555,0.8166,1616.103,0.7184,48,32,13.776,5.3478,0.4606,ventriclessynthseg,11.2633,0.3472,0.9701
sub-022,utrecht_philips_3t,test,True,threshold,15.6248,1421.8555,1.0989,1616.103,0.9668,31,31,85.4113,6.0036,0.3842,ventriclessynthseg,14.0047,1.6201,0.8963
sub-022,utrecht_philips_3t,test,True,resencm_da5,10.1639,1421.8555,0.7148,1616.103,0.6289,51,23,8.2656,4.6728,0.4597,ventriclessynthseg,9.8609,0.3031,0.9702
sub-022,utrecht_philips_3t,test,True,wmhsynthseg,23.3255,1421.8555,1.6405,1616.103,1.4433,17,12,63.3697,11.39,0.4883,ventriclessynthseg,22.4797,0.8458,0.9637
sub-023,utrecht_philips_3t,training,True,O1,0.9147,1349.8966,0.0678,1591.442,0.0575,21,14,13.776,0.27,0.2952,ventriclessynthseg,0.7963,0.1185,0.8705
sub-023,utrecht_philips_3t,training,True,O3,1.3721,1349.8966,0.1016,1591.442,0.0862,18,16,46.8385,0.248,0.1807,ventriclessynthseg,1.1875,0.1846,0.8655
sub-023,utrecht_philips_3t,training,True,O4,1.6173,1349.8966,0.1198,1591.442,0.1016,16,11,12.3984,0.3995,0.247,ventriclessynthseg,1.5953,0.022,0.9864
sub-023,utrecht_philips_3t,training,True,resencm,0.9092,1349.8966,0.0674,1591.442,0.0571,22,13,13.776,0.3334,0.3667,ventriclessynthseg,0.8734,0.0358,0.9606
sub-024,utrecht_philips_3t,test,True,O1,34.9333,1364.3075,2.5605,1504.801,2.3215,69,54,19.2865,18.099,0.5181,ventriclessynthseg,28.4999,6.4334,0.8158
sub-024,utrecht_philips_3t,test,True,resencm,32.1423,1364.3075,2.3559,1504.801,2.136,59,38,11.0208,17.1484,0.5335,ventriclessynthseg,27.8138,4.3284,0.8653
sub-024,utrecht_philips_3t,test,True,threshold,32.393,1364.3075,2.3743,1504.801,2.1526,22,22,136.3828,15.6358,0.4827,ventriclessynthseg,28.3869,4.0061,0.8763
sub-024,utrecht_philips_3t,test,True,resencm_da5,30.3872,1364.3075,2.2273,1504.801,2.0193,65,39,11.0208,16.0739,0.529,ventriclessynthseg,26.0064,4.3808,0.8558
sub-024,utrecht_philips_3t,test,True,wmhsynthseg,37.1292,1364.3075,2.7215,1504.801,2.4674,23,21,66.125,17.7794,0.4789,ventriclessynthseg,31.7372,5.3919,0.8548
sub-025,utrecht_philips_3t,training,True,O1,24.0888,1442.5058,1.6699,1665.111,1.4467,38,27,19.2865,14.1893,0.589,ventriclessynthseg,21.9232,2.1656,0.9101
sub-025,utrecht_philips_3t,training,True,O3,28.2519,1442.5058,1.9585,1665.111,1.6967,29,21,19.2865,17.1346,0.6065,ventriclessynthseg,26.1028,2.1491,0.9239
sub-025,utrecht_philips_3t,training,True,O4,23.1079,1442.5058,1.6019,1665.111,1.3878,21,14,22.0417,13.7485,0.595,ventriclessynthseg,21.3997,1.7082,0.9261
sub-026,utrecht_philips_3t,test,True,O1,53.6329,1313.6389,4.0828,1452.356,3.6928,67,53,22.0417,51.0485,0.9518,ventriclessynthseg,44.1742,9.4586,0.8236
sub-026,utrecht_philips_3t,test,True,resencm,52.6024,1313.6389,4.0043,1452.356,3.6219,54,38,19.2865,50.9107,0.9678,ventriclessynthseg,44.02,8.5825,0.8368
sub-026,utrecht_philips_3t,test,True,threshold,57.1623,1313.6389,4.3514,1452.356,3.9358,15,15,93.6771,55.6883,0.9742,ventriclessynthseg,50.2219,6.9404,0.8786
sub-026,utrecht_philips_3t,test,True,resencm_da5,50.3101,1313.6389,3.8298,1452.356,3.464,58,35,11.0208,24.8134,0.4932,ventriclessynthseg,42.4412,7.8689,0.8436
sub-026,utrecht_philips_3t,test,True,wmhsynthseg,37.8455,1313.6389,2.881,1452.356,2.6058,30,24,35.8177,20.0992,0.5311,ventriclessynthseg,32.1092,5.7363,0.8484
sub-027,utrecht_philips_3t,training,True,O1,0.8458,1223.2202,0.0691,1402.044,0.0603,18,14,16.5312,0.2149,0.2541,ventriclessynthseg,0.8376,0.0083,0.9902
sub-027,utrecht_philips_3t,training,True,O3,1.7027,1223.2202,0.1392,1402.044,0.1214,11,11,90.9218,0.3857,0.2265,ventriclessynthseg,1.7027,0.0,1.0
sub-027,utrecht_philips_3t,training,True,O4,1.8846,1223.2202,0.1541,1402.044,0.1344,13,11,38.5729,0.4656,0.2471,ventriclessynthseg,1.8763,0.0083,0.9956
sub-028,utrecht_philips_3t,test,True,O1,39.2011,1184.6283,3.3091,1313.902,2.9836,52,35,16.5312,21.4355,0.5468,ventriclessynthseg,35.7874,3.4137,0.9129
sub-028,utrecht_philips_3t,test,True,resencm,35.7846,1184.6283,3.0207,1313.902,2.7235,37,23,13.776,19.066,0.5328,ventriclessynthseg,33.1093,2.6753,0.9252
sub-028,utrecht_philips_3t,test,True,threshold,40.5484,1184.6283,3.4229,1313.902,3.0861,10,10,279.6534,21.4107,0.528,ventriclessynthseg,37.4901,3.0583,0.9246
sub-028,utrecht_philips_3t,test,True,resencm_da5,33.9524,1184.6283,2.8661,1313.902,2.5841,38,23,13.776,18.6775,0.5501,ventriclessynthseg,31.4865,2.4659,0.9274
sub-028,utrecht_philips_3t,test,True,wmhsynthseg,38.6941,1184.6283,3.2664,1313.902,2.945,17,13,27.5521,19.8457,0.5129,ventriclessynthseg,35.837,2.8571,0.9262
sub-029,utrecht_philips_3t,training,True,O1,44.3093,1474.5684,3.0049,1676.464,2.643,81,52,13.776,41.3639,0.9335,ventriclessynthseg,37.2449,7.0644,0.8406
sub-029,utrecht_philips_3t,training,True,O3,46.1773,1474.5684,3.1316,1676.464,2.7544,61,45,16.5313,23.1079,0.5004,ventriclessynthseg,39.0275,7.1498,0.8452
sub-029,utrecht_philips_3t,training,True,O4,43.1879,1474.5684,2.9288,1676.464,2.5761,53,38,24.7969,22.3806,0.5182,ventriclessynthseg,36.4101,6.7778,0.8431
sub-030,utrecht_philips_3t,test,True,O1,23.0886,1261.4661,1.8303,1466.119,1.5748,72,58,16.5312,11.6104,0.5029,ventriclessynthseg,20.7577,2.3309,0.899
sub-030,utrecht_philips_3t,test,True,resencm,24.4662,1261.4661,1.9395,1466.119,1.6688,57,34,13.776,12.5445,0.5127,ventriclessynthseg,22.4081,2.0581,0.9159
sub-030,utrecht_philips_3t,test,True,threshold,22.7801,1261.4661,1.8058,1466.119,1.5538,13,13,71.6354,11.6435,0.5111,ventriclessynthseg,21.5512,1.2288,0.9461
sub-030,utrecht_philips_3t,test,True,resencm_da5,22.5376,1261.4661,1.7866,1466.119,1.5372,55,30,11.0208,11.7262,0.5203,ventriclessynthseg,20.8266,1.711,0.9241
sub-030,utrecht_philips_3t,test,True,wmhsynthseg,31.2661,1261.4661,2.4786,1466.119,2.1326,24,19,45.4609,16.0601,0.5137,ventriclessynthseg,28.3841,2.8819,0.9078
sub-031,utrecht_philips_3t,training,True,O1,67.9682,1328.8479,5.1148,1508.935,4.5044,104,77,17.9089,34.4015,0.5061,ventriclessynthseg,39.6226,28.3456,0.583
sub-031,utrecht_philips_3t,training,True,O3,76.2945,1328.8479,5.7414,1508.935,5.0562,77,56,16.5312,41.0278,0.5378,ventriclessynthseg,43.2595,33.0349,0.567
sub-031,utrecht_philips_3t,training,True,O4,65.8798,1328.8479,4.9577,1508.935,4.366,100,67,16.5312,34.5806,0.5249,ventriclessynthseg,39.2948,26.585,0.5965
sub-032,utrecht_philips_3t,test,True,O1,13.8091,1235.1598,1.118,1422.456,0.9708,63,51,19.2865,6.4499,0.4671,ventriclessynthseg,11.1586,2.6505,0.8081
sub-032,utrecht_philips_3t,test,True,resencm,15.0682,1235.1598,1.2199,1422.456,1.0593,60,36,13.776,8.0397,0.5336,ventriclessynthseg,12.7291,2.3392,0.8448
sub-032,utrecht_philips_3t,test,True,threshold,13.6052,1235.1598,1.1015,1422.456,0.9565,38,38,79.901,6.0229,0.4427,ventriclessynthseg,11.8033,1.8019,0.8676
sub-032,utrecht_philips_3t,test,True,resencm_da5,13.1782,1235.1598,1.0669,1422.456,0.9264,70,37,12.3984,6.7475,0.512,ventriclessynthseg,11.1448,2.0333,0.8457
sub-032,utrecht_philips_3t,test,True,wmhsynthseg,25.2102,1235.1598,2.041,1422.456,1.7723,18,17,79.901,12.7676,0.5064,ventriclessynthseg,20.3748,4.8354,0.8082
sub-033,utrecht_philips_3t,training,True,O1,3.9455,1268.25,0.3111,1431.315,0.2757,60,41,16.5313,1.4382,0.3645,ventriclessynthseg,3.1217,0.8238,0.7912
sub-033,utrecht_philips_3t,training,True,O3,4.3532,1268.25,0.3432,1431.315,0.3041,52,33,15.1536,1.7744,0.4076,ventriclessynthseg,3.4853,0.8679,0.8006
sub-033,utrecht_philips_3t,training,True,O4,3.1217,1268.25,0.2461,1431.315,0.2181,43,29,19.2865,1.2894,0.4131,ventriclessynthseg,2.5982,0.5235,0.8323
sub-034,utrecht_philips_3t,test,True,O1,1.9369,1343.2408,0.1442,1523.545,0.1271,41,30,16.5312,0.6199,0.3201,ventriclessynthseg,1.5677,0.3692,0.8094
sub-034,utrecht_philips_3t,test,True,resencm,2.0719,1343.2408,0.1542,1523.545,0.136,28,21,20.6641,0.7715,0.3723,ventriclessynthseg,1.7909,0.281,0.8644
sub-034,utrecht_philips_3t,test,True,threshold,11.4424,1343.2408,0.8518,1523.545,0.751,42,42,96.4323,2.1959,0.1919,ventriclessynthseg,8.3648,3.0776,0.731
sub-034,utrecht_philips_3t,test,True,resencm_da5,1.8019,1343.2408,0.1341,1523.545,0.1183,27,19,19.2865,0.6971,0.3869,ventriclessynthseg,1.6008,0.2011,0.8884
sub-034,utrecht_philips_3t,test,True,wmhsynthseg,28.037,1343.2408,2.0873,1523.545,1.8402,11,8,55.1042,14.2334,0.5077,ventriclessynthseg,21.948,6.089,0.7828
sub-035,utrecht_philips_3t,training,True,O1,2.8324,1232.8146,0.2297,1368.649,0.2069,45,28,13.776,0.8321,0.2938,ventriclessynthseg,2.2482,0.5841,0.7938
sub-035,utrecht_philips_3t,training,True,O3,2.6836,1232.8146,0.2177,1368.649,0.1961,24,18,24.7969,0.9671,0.3604,ventriclessynthseg,2.3943,0.2893,0.8922
sub-035,utrecht_philips_3t,training,True,O4,2.3006,1232.8146,0.1866,1368.649,0.1681,25,21,16.5312,0.8706,0.3784,ventriclessynthseg,2.0141,0.2865,0.8754
sub-036,utrecht_philips_3t,test,True,O1,1.7826,1174.8486,0.1517,1359.548,0.1311,51,29,11.0208,0.5869,0.3292,ventriclessynthseg,1.3776,0.405,0.7728
sub-036,utrecht_philips_3t,test,True,resencm,1.5154,1174.8486,0.129,1359.548,0.1115,35,19,11.0208,0.5152,0.34,ventriclessynthseg,1.2867,0.2287,0.8491
sub-036,utrecht_philips_3t,test,True,threshold,7.5052,1174.8486,0.6388,1359.548,0.552,30,30,140.5157,0.8431,0.1123,ventriclessynthseg,4.874,2.6312,0.6494
sub-036,utrecht_philips_3t,test,True,resencm_da5,1.0663,1174.8486,0.0908,1359.548,0.0784,32,18,11.0208,0.2397,0.2248,ventriclessynthseg,0.8872,0.1791,0.832
sub-036,utrecht_philips_3t,test,True,wmhsynthseg,11.0291,1174.8486,0.9388,1359.548,0.8112,20,17,49.5938,3.1575,0.2863,ventriclessynthseg,9.0288,2.0003,0.8186
sub-037,utrecht_philips_3t,training,True,O1,74.9914,1386.8144,5.4075,1556.288,4.8186,138,94,16.5313,37.0659,0.4943,ventriclessynthseg,39.3059,35.6855,0.5241
sub-037,utrecht_philips_3t,training,True,O3,78.1516,1386.8144,5.6353,1556.288,5.0217,110,75,22.0417,38.314,0.4903,ventriclessynthseg,42.3035,35.8481,0.5413
sub-037,utrecht_philips_3t,training,True,O4,72.5751,1386.8144,5.2332,1556.288,4.6633,104,82,22.0417,35.4899,0.489,ventriclessynthseg,37.683,34.892,0.5192
sub-037,utrecht_philips_3t,training,True,resencm,73.2914,1386.8144,5.2849,1556.288,4.7094,103,72,19.2865,37.3634,0.5098,ventriclessynthseg,39.6282,33.6632,0.5407
sub-038,utrecht_philips_3t,test,True,O1,4.2623,1383.0181,0.3082,1547.53,0.2754,84,62,19.2865,0.8238,0.1933,ventriclessynthseg,2.3309,1.9314,0.5469
sub-038,utrecht_philips_3t,test,True,resencm,3.0913,1383.0181,0.2235,1547.53,0.1998,75,54,16.5312,0.7825,0.2531,ventriclessynthseg,1.9149,1.1765,0.6194
sub-038,utrecht_philips_3t,test,True,threshold,12.2882,1383.0181,0.8885,1547.53,0.7941,40,40,132.25,1.306,0.1063,ventriclessynthseg,8.1113,4.1769,0.6601
sub-038,utrecht_philips_3t,test,True,resencm_da5,2.8957,1383.0181,0.2094,1547.53,0.1871,71,45,13.776,0.7301,0.2521,ventriclessynthseg,1.8543,1.0415,0.6403
sub-038,utrecht_philips_3t,test,True,wmhsynthseg,15.4677,1383.0181,1.1184,1547.53,0.9995,25,18,60.6146,4.8409,0.313,ventriclessynthseg,12.8448,2.623,0.8304
sub-039,utrecht_philips_3t,training,True,O1,45.7393,1373.9299,3.3291,1525.83,2.9977,110,75,13.7761,24.2569,0.5303,ventriclessynthseg,36.603,9.1363,0.8003
sub-039,utrecht_philips_3t,training,True,O3,46.373,1373.9299,3.3752,1525.83,3.0392,85,56,13.7761,24.3671,0.5255,ventriclessynthseg,36.738,9.635,0.7922
sub-039,utrecht_philips_3t,training,True,O4,43.6315,1373.9299,3.1757,1525.83,2.8595,90,58,13.7761,22.8159,0.5229,ventriclessynthseg,35.7296,7.9019,0.8189
sub-040,utrecht_philips_3t,test,True,O1,14.8809,1551.1794,0.9593,1839.222,0.8091,68,48,16.5312,6.2736,0.4216,ventriclessynthseg,12.5445,2.3364,0.843
sub-040,utrecht_philips_3t,test,True,resencm,13.4234,1551.1794,0.8654,1839.222,0.7298,49,39,22.0417,6.4307,0.4791,ventriclessynthseg,11.8557,1.5677,0.8832
sub-040,utrecht_philips_3t,test,True,threshold,18.639,1551.1794,1.2016,1839.222,1.0134,40,40,119.8516,6.7365,0.3614,ventriclessynthseg,16.5643,2.0747,0.8887
sub-040,utrecht_philips_3t,test,True,resencm_da5,11.8281,1551.1794,0.7625,1839.222,0.6431,55,40,19.2865,5.3093,0.4489,ventriclessynthseg,10.2356,1.5925,0.8654
sub-040,utrecht_philips_3t,test,True,wmhsynthseg,31.1366,1551.1794,2.0073,1839.222,1.6929,33,31,118.4739,14.0213,0.4503,ventriclessynthseg,23.9125,7.2242,0.768
sub-041,utrecht_philips_3t,training,True,O1,32.9578,1345.061,2.4503,1538.391,2.1424,75,51,13.7761,16.6773,0.506,ventriclessynthseg,26.0202,6.9376,0.7895
sub-041,utrecht_philips_3t,training,True,O3,34.1784,1345.061,2.541,1538.391,2.2217,44,29,17.9089,17.5617,0.5138,ventriclessynthseg,27.0617,7.1167,0.7918
sub-041,utrecht_philips_3t,training,True,O4,29.1364,1345.061,2.1662,1538.391,1.894,47,38,19.2865,14.8644,0.5102,ventriclessynthseg,23.2843,5.8521,0.7991
sub-042,utrecht_philips_3t,test,True,O1,14.0874,1269.7632,1.1094,1498.686,0.94,89,60,13.776,4.1356,0.2936,ventriclessynthseg,11.346,2.7414,0.8054
sub-042,utrecht_philips_3t,test,True,resencm,12.6271,1269.7632,0.9944,1498.686,0.8425,62,42,19.2865,4.3257,0.3426,ventriclessynthseg,10.5469,2.0802,0.8353
sub-042,utrecht_philips_3t,test,True,threshold,12.9467,1269.7632,1.0196,1498.686,0.8639,25,25,126.7396,4.3587,0.3367,ventriclessynthseg,11.3046,1.6421,0.8732
sub-042,utrecht_philips_3t,test,True,resencm_da5,9.4531,1269.7632,0.7445,1498.686,0.6308,70,49,15.1537,3.4826,0.3684,ventriclessynthseg,7.9681,1.4851,0.8429
sub-042,utrecht_philips_3t,test,True,wmhsynthseg,25.0807,1269.7632,1.9752,1498.686,1.6735,23,18,88.1667,13.214,0.5269,ventriclessynthseg,20.2453,4.8354,0.8072
sub-043,utrecht_philips_3t,test,True,O1,0.9946,1460.6134,0.0681,1657.33,0.06,23,16,13.776,0.2122,0.2133,ventriclessynthseg,0.9285,0.0661,0.9335
sub-043,utrecht_philips_3t,test,True,resencm,1.6586,1460.6134,0.1136,1657.33,0.1001,21,15,24.7969,0.4436,0.2674,ventriclessynthseg,1.6421,0.0165,0.99
sub-043,utrecht_philips_3t,test,True,threshold,8.1554,1460.6134,0.5584,1657.33,0.4921,28,28,126.7396,1.1847,0.1453,ventriclessynthseg,5.5655,2.5899,0.6824
sub-043,utrecht_philips_3t,test,True,resencm_da5,1.4768,1460.6134,0.1011,1657.33,0.0891,19,16,27.5521,0.4243,0.2873,ventriclessynthseg,1.4465,0.0303,0.9795
sub-043,utrecht_philips_3t,test,True,wmhsynthseg,23.0556,1460.6134,1.5785,1657.33,1.3911,13,10,63.3698,11.8309,0.5131,ventriclessynthseg,20.518,2.5375,0.8899
sub-044,utrecht_philips_3t,test,True,O1,4.7803,1273.5102,0.3754,1504.262,0.3178,61,47,22.0417,1.7137,0.3585,ventriclessynthseg,3.6947,1.0856,0.7729
sub-044,utrecht_philips_3t,test,True,resencm,4.3808,1273.5102,0.344,1504.262,0.2912,44,33,22.0417,1.4603,0.3333,ventriclessynthseg,3.5735,0.8073,0.8157
sub-044,utrecht_philips_3t,test,True,threshold,8.0149,1273.5102,0.6294,1504.262,0.5328,35,35,101.9428,1.9094,0.2382,ventriclessynthseg,6.4444,1.5705,0.8041
sub-044,utrecht_philips_3t,test,True,resencm_da5,3.7994,1273.5102,0.2983,1504.262,0.2526,46,35,17.9089,1.3859,0.3648,ventriclessynthseg,3.0969,0.7026,0.8151
sub-044,utrecht_philips_3t,test,True,wmhsynthseg,14.936,1273.5102,1.1728,1504.262,0.9929,21,20,52.349,6.8522,0.4588,ventriclessynthseg,13.4647,1.4713,0.9015
sub-045,utrecht_philips_3t,test,True,O1,2.9922,1319.3519,0.2268,1475.37,0.2028,49,38,16.5312,0.6612,0.221,ventriclessynthseg,2.0389,0.9533,0.6814
sub-045,utrecht_philips_3t,test,True,resencm,2.3392,1319.3519,0.1773,1475.37,0.1585,36,23,16.5312,0.6144,0.2627,ventriclessynthseg,1.7661,0.5731,0.755
sub-045,utrecht_philips_3t,test,True,threshold,7.3895,1319.3519,0.5601,1475.37,0.5009,38,38,111.5858,0.8348,0.113,ventriclessynthseg,5.166,2.2235,0.6991
sub-045,utrecht_philips_3t,test,True,resencm_da5,1.9507,1319.3519,0.1479,1475.37,0.1322,38,22,11.0208,0.4711,0.2415,ventriclessynthseg,1.5154,0.4353,0.7768
sub-045,utrecht_philips_3t,test,True,wmhsynthseg,12.4866,1319.3519,0.9464,1475.37,0.8463,29,24,60.6145,4.1796,0.3347,ventriclessynthseg,10.1336,2.3529,0.8116
sub-046,utrecht_philips_3t,test,True,O1,41.1986,1649.2048,2.4981,1818.529,2.2655,68,43,15.1536,24.615,0.5975,ventriclessynthseg,36.5009,4.6976,0.886
sub-046,utrecht_philips_3t,test,True,resencm,40.6172,1649.2048,2.4628,1818.529,2.2335,46,32,15.1536,25.0503,0.6167,ventriclessynthseg,36.7902,3.827,0.9058
sub-046,utrecht_philips_3t,test,True,threshold,46.5602,1649.2048,2.8232,1818.529,2.5603,39,39,107.453,24.9594,0.5361,ventriclessynthseg,40.4822,6.078,0.8695
sub-046,utrecht_philips_3t,test,True,resencm_da5,38.0879,1649.2048,2.3095,1818.529,2.0944,51,29,13.776,23.6782,0.6217,ventriclessynthseg,34.6853,3.4027,0.9107
sub-046,utrecht_philips_3t,test,True,wmhsynthseg,44.9952,1649.2048,2.7283,1818.529,2.4743,27,13,8.2656,24.1576,0.5369,ventriclessynthseg,40.0083,4.9869,0.8892
sub-047,utrecht_philips_3t,test,True,O1,21.8846,1580.9325,1.3843,1777.606,1.2311,194,133,16.5312,3.309,0.1512,ventriclessynthseg,15.7846,6.1,0.7213
sub-047,utrecht_philips_3t,test,True,resencm,25.144,1580.9325,1.5905,1777.606,1.4145,145,94,16.5312,6.3645,0.2531,ventriclessynthseg,18.6638,6.4802,0.7423
sub-047,utrecht_philips_3t,test,True,threshold,31.638,1580.9325,2.0012,1777.606,1.7798,59,59,101.9427,6.0697,0.1918,ventriclessynthseg,21.9039,9.7341,0.6923
sub-047,utrecht_philips_3t,test,True,resencm_da5,24.6894,1580.9325,1.5617,1777.606,1.3889,169,102,13.776,6.3287,0.2563,ventriclessynthseg,18.5729,6.1166,0.7523
sub-047,utrecht_philips_3t,test,True,wmhsynthseg,27.2848,1580.9325,1.7259,1777.606,1.5349,51,33,24.7969,13.1423,0.4817,ventriclessynthseg,23.3366,3.9482,0.8553
sub-048,utrecht_philips_3t,test,True,O1,1.722,1293.2133,0.1332,1510.856,0.114,34,25,17.9088,0.4546,0.264,ventriclessynthseg,1.4906,0.2314,0.8656
sub-048,utrecht_philips_3t,test,True,resencm,1.7744,1293.2133,0.1372,1510.856,0.1174,53,34,13.776,0.2452,0.1382,ventriclessynthseg,1.4603,0.3141,0.823
sub-048,utrecht_philips_3t,test,True,threshold,5.8162,1293.2133,0.4498,1510.856,0.385,42,42,73.0129,1.0856,0.1866,ventriclessynthseg,4.1686,1.6476,0.7167
sub-048,utrecht_philips_3t,test,True,resencm_da5,1.2812,1293.2133,0.0991,1510.856,0.0848,50,30,15.1536,0.157,0.1226,ventriclessynthseg,0.9753,0.3058,0.7613
sub-048,utrecht_philips_3t,test,True,wmhsynthseg,12.3874,1293.2133,0.9579,1510.856,0.8199,24,19,33.0625,7.0175,0.5665,ventriclessynthseg,11.8116,0.5758,0.9535
sub-049,utrecht_philips_3t,training,True,O1,26.5712,1206.1613,2.203,1400.101,1.8978,113,83,16.5312,11.919,0.4486,ventriclessynthseg,17.6058,8.9654,0.6626
sub-049,utrecht_philips_3t,training,True,O3,28.3373,1206.1613,2.3494,1400.101,2.0239,64,44,16.5312,13.4096,0.4732,ventriclessynthseg,19.3884,8.9489,0.6842
sub-049,utrecht_philips_3t,training,True,O4,24.9153,1206.1613,2.0657,1400.101,1.7795,83,62,19.2865,11.4093,0.4579,ventriclessynthseg,17.2283,7.687,0.6915
sub-049,utrecht_philips_3t,training,True,resencm,26.6043,1206.1613,2.2057,1400.101,1.9002,89,50,11.0208,13.1203,0.4932,ventriclessynthseg,18.9173,7.687,0.7111
sub-050,singapore_siemens_3t,training,True,O1,25.683,1214.113,2.1154,1292.063,1.9878,70,48,15.0,12.828,0.4995,ventriclessynthseg,18.819,6.864,0.7327
sub-050,singapore_siemens_3t,training,True,O3,17.574,1214.113,1.4475,1292.063,1.3602,34,27,37.5,8.049,0.458,ventriclessynthseg,13.551,4.023,0.7711
sub-050,singapore_siemens_3t,training,True,O4,23.136,1214.113,1.9056,1292.063,1.7906,66,41,15.0,12.081,0.5222,ventriclessynthseg,16.893,6.243,0.7302
sub-051,singapore_siemens_3t,training,True,O1,26.598,1198.545,2.2192,1267.04,2.0992,77,60,18.0,18.705,0.7032,ventriclessynthseg,23.46,3.138,0.882
sub-051,singapore_siemens_3t,training,True,O3,17.286,1198.545,1.4422,1267.04,1.3643,46,33,18.0,7.596,0.4394,ventriclessynthseg,16.116,1.17,0.9323
sub-051,singapore_siemens_3t,training,True,O4,20.628,1198.545,1.7211,1267.04,1.628,74,49,18.0,9.678,0.4692,ventriclessynthseg,18.723,1.905,0.9076
sub-052,singapore_siemens_3t,training,True,O1,4.944,1074.4469,0.4601,1158.141,0.4269,50,27,12.0,1.896,0.3835,ventriclessynthseg,3.654,1.29,0.7391
sub-052,singapore_siemens_3t,training,True,O3,3.672,1074.4469,0.3418,1158.141,0.3171,18,13,24.0,1.533,0.4175,ventriclessynthseg,2.691,0.981,0.7328
sub-052,singapore_siemens_3t,training,True,O4,3.687,1074.4469,0.3432,1158.141,0.3184,43,21,9.0,1.173,0.3181,ventriclessynthseg,2.664,1.023,0.7225
sub-053,singapore_siemens_3t,training,True,O1,1.143,1220.055,0.0937,1301.046,0.0879,46,27,12.0,0.144,0.126,ventriclessynthseg,0.447,0.696,0.3911
sub-053,singapore_siemens_3t,training,True,O3,0.879,1220.055,0.072,1301.046,0.0676,28,19,15.0,0.159,0.1809,ventriclessynthseg,0.345,0.534,0.3925
sub-053,singapore_siemens_3t,training,True,O4,1.344,1220.055,0.1102,1301.046,0.1033,40,23,15.0,0.3,0.2232,ventriclessynthseg,0.81,0.534,0.6027
sub-054,singapore_siemens_3t,training,True,O1,0.786,1325.13,0.0593,1384.525,0.0568,18,12,18.0,0.192,0.2443,ventriclessynthseg,0.606,0.18,0.771
sub-054,singapore_siemens_3t,training,True,O3,0.693,1325.13,0.0523,1384.525,0.0501,13,8,15.0,0.288,0.4156,ventriclessynthseg,0.582,0.111,0.8398
sub-054,singapore_siemens_3t,training,True,O4,0.555,1325.13,0.0419,1384.525,0.0401,17,10,18.0,0.132,0.2378,ventriclessynthseg,0.438,0.117,0.7892
sub-054,singapore_siemens_3t,training,True,resencm,0.576,1325.13,0.0435,1384.525,0.0416,16,10,13.5,0.147,0.2552,ventriclessynthseg,0.462,0.114,0.8021
sub-055,singapore_siemens_3t,training,True,O1,2.895,1356.225,0.2135,1453.623,0.1992,33,16,9.0,0.789,0.2725,ventriclessynthseg,2.769,0.126,0.9565
sub-055,singapore_siemens_3t,training,True,O3,2.364,1356.225,0.1743,1453.623,0.1626,9,7,93.0,1.14,0.4822,ventriclessynthseg,2.334,0.03,0.9873
sub-055,singapore_siemens_3t,training,True,O4,3.036,1356.225,0.2239,1453.623,0.2089,28,15,12.0,0.717,0.2362,ventriclessynthseg,2.907,0.129,0.9575
sub-056,singapore_siemens_3t,training,True,O1,16.386,1165.8775,1.4055,1198.992,1.3666,32,18,19.5,8.262,0.5042,ventriclessynthseg,15.294,1.092,0.9334
sub-056,singapore_siemens_3t,training,True,O3,12.483,1165.8775,1.0707,1198.992,1.0411,36,23,13.5,6.168,0.4941,ventriclessynthseg,11.664,0.819,0.9344
sub-056,singapore_siemens_3t,training,True,O4,13.701,1165.8775,1.1752,1198.992,1.1427,32,19,12.0,6.897,0.5034,ventriclessynthseg,12.819,0.882,0.9356
sub-057,singapore_siemens_3t,training,True,O1,15.567,1092.9023,1.4244,1142.01,1.3631,40,28,15.0,7.326,0.4706,ventriclessynthseg,12.06,3.507,0.7747
sub-057,singapore_siemens_3t,training,True,O3,13.368,1092.9023,1.2232,1142.01,1.1706,23,20,27.0,6.531,0.4886,ventriclessynthseg,10.638,2.73,0.7958
sub-057,singapore_siemens_3t,training,True,O4,10.89,1092.9023,0.9964,1142.01,0.9536,20,18,36.0,5.364,0.4926,ventriclessynthseg,8.844,2.046,0.8121
sub-058,singapore_siemens_3t,training,True,O1,1.629,1399.3222,0.1164,1416.225,0.115,22,19,22.5,0.777,0.477,ventriclessynthseg,1.374,0.255,0.8435
sub-058,singapore_siemens_3t,training,True,O3,2.058,1399.3222,0.1471,1416.225,0.1453,23,15,15.0,0.693,0.3367,ventriclessynthseg,1.8,0.258,0.8746
sub-058,singapore_siemens_3t,training,True,O4,1.395,1399.3222,0.0997,1416.225,0.0985,14,11,31.5,0.609,0.4366,ventriclessynthseg,1.224,0.171,0.8774
sub-059,singapore_siemens_3t,training,True,O1,17.592,1210.0595,1.4538,1284.386,1.3697,63,33,12.0,8.919,0.507,ventriclessynthseg,14.304,3.288,0.8131
sub-059,singapore_siemens_3t,training,True,O3,17.04,1210.0595,1.4082,1284.386,1.3267,43,22,12.0,8.844,0.519,ventriclessynthseg,14.355,2.685,0.8424
sub-059,singapore_siemens_3t,training,True,O4,12.39,1210.0595,1.0239,1284.386,0.9647,68,31,9.0,6.984,0.5637,ventriclessynthseg,10.329,2.061,0.8337
sub-060,singapore_siemens_3t,training,True,O1,21.363,1279.9141,1.6691,1343.372,1.5903,37,32,24.0,10.374,0.4856,ventriclessynthseg,19.686,1.677,0.9215
sub-060,singapore_siemens_3t,training,True,O3,21.681,1279.9141,1.6939,1343.372,1.6139,31,21,27.0,10.185,0.4698,ventriclessynthseg,20.235,1.446,0.9333
sub-060,singapore_siemens_3t,training,True,O4,16.506,1279.9141,1.2896,1343.372,1.2287,24,18,21.0,8.262,0.5005,ventriclessynthseg,15.603,0.903,0.9453
sub-061,singapore_siemens_3t,training,True,O1,14.55,1299.2432,1.1199,1332.106,1.0923,40,22,12.0,7.335,0.5041,ventriclessynthseg,10.941,3.609,0.752
sub-061,singapore_siemens_3t,training,True,O3,13.287,1299.2432,1.0227,1332.106,0.9974,27,19,18.0,7.326,0.5514,ventriclessynthseg,10.104,3.183,0.7604
sub-061,singapore_siemens_3t,training,True,O4,9.417,1299.2432,0.7248,1332.106,0.7069,29,19,24.0,2.859,0.3036,ventriclessynthseg,6.762,2.655,0.7181
sub-061,singapore_siemens_3t,training,True,resencm,10.647,1299.2432,0.8195,1332.106,0.7993,27,15,12.0,5.655,0.5311,ventriclessynthseg,8.001,2.646,0.7515
sub-062,singapore_siemens_3t,training,True,O1,61.3321,1410.2178,4.3491,1416.633,4.3294,82,54,18.0,30.693,0.5004,ventriclessynthseg,46.1341,15.198,0.7522
sub-062,singapore_siemens_3t,training,True,O3,57.6331,1410.2178,4.0868,1416.633,4.0683,66,40,15.0,29.073,0.5045,ventriclessynthseg,43.6021,14.031,0.7565
sub-062,singapore_siemens_3t,training,True,O4,49.0801,1410.2178,3.4803,1416.633,3.4646,72,45,12.0,23.745,0.4838,ventriclessynthseg,36.759,12.321,0.749
sub-063,singapore_siemens_3t,training,True,O1,35.889,1327.2841,2.7039,1337.823,2.6826,26,15,13.5,18.321,0.5105,ventriclessynthseg,33.843,2.046,0.943
sub-063,singapore_siemens_3t,training,True,O3,35.652,1327.2841,2.6861,1337.823,2.6649,20,13,15.0,17.88,0.5015,ventriclessynthseg,33.912,1.74,0.9512
sub-063,singapore_siemens_3t,training,True,O4,29.343,1327.2841,2.2108,1337.823,2.1933,19,15,24.0,14.559,0.4962,ventriclessynthseg,28.008,1.335,0.9545
sub-064,singapore_siemens_3t,training,True,O1,16.296,1393.2241,1.1697,1420.377,1.1473,42,23,12.0,8.712,0.5346,ventriclessynthseg,15.384,0.912,0.944
sub-064,singapore_siemens_3t,training,True,O3,16.047,1393.2241,1.1518,1420.377,1.1298,19,14,33.0,8.13,0.5066,ventriclessynthseg,15.459,0.588,0.9634
sub-064,singapore_siemens_3t,training,True,O4,13.26,1393.2241,0.9517,1420.377,0.9336,28,14,10.5,7.395,0.5577,ventriclessynthseg,12.807,0.453,0.9658
sub-065,singapore_siemens_3t,training,True,O1,18.099,1439.0641,1.2577,1467.534,1.2333,82,53,15.0,8.241,0.4553,ventriclessynthseg,15.903,2.196,0.8787
sub-065,singapore_siemens_3t,training,True,O3,18.0,1439.0641,1.2508,1467.534,1.2265,76,45,12.0,8.76,0.4867,ventriclessynthseg,16.107,1.893,0.8948
sub-065,singapore_siemens_3t,training,True,O4,13.752,1439.0641,0.9556,1467.534,0.9371,64,36,12.0,7.083,0.5151,ventriclessynthseg,12.585,1.167,0.9151
sub-066,singapore_siemens_3t,training,True,O1,11.958,1429.167,0.8367,1489.819,0.8026,80,55,21.0,3.876,0.3241,ventriclessynthseg,9.486,2.472,0.7933
sub-066,singapore_siemens_3t,training,True,O3,15.153,1429.167,1.0603,1489.819,1.0171,73,50,21.0,7.083,0.4674,ventriclessynthseg,12.483,2.67,0.8238
sub-066,singapore_siemens_3t,training,True,O4,10.299,1429.167,0.7206,1489.819,0.6913,66,46,19.5,3.471,0.337,ventriclessynthseg,8.472,1.827,0.8226
sub-067,singapore_siemens_3t,training,True,O1,35.244,1182.8191,2.9797,1175.868,2.9973,37,24,18.0,22.188,0.6296,ventriclessynthseg,27.078,8.166,0.7683
sub-067,singapore_siemens_3t,training,True,O3,27.021,1182.8191,2.2845,1175.868,2.298,30,23,19.5,15.63,0.5784,ventriclessynthseg,21.96,5.061,0.8127
sub-067,singapore_siemens_3t,training,True,O4,22.692,1182.8191,1.9185,1175.868,1.9298,30,20,21.0,13.425,0.5916,ventriclessynthseg,18.546,4.146,0.8173
sub-067,singapore_siemens_3t,training,True,resencm,24.171,1182.8191,2.0435,1175.868,2.0556,39,18,9.0,13.533,0.5599,ventriclessynthseg,20.718,3.453,0.8571
sub-068,singapore_siemens_3t,training,True,O1,36.72,1095.4302,3.3521,1178.723,3.1152,40,25,15.0,26.391,0.7187,ventriclessynthseg,23.727,12.993,0.6462
sub-068,singapore_siemens_3t,training,True,O3,37.797,1095.4302,3.4504,1178.723,3.2066,25,16,15.0,27.474,0.7269,ventriclessynthseg,24.9,12.897,0.6588
sub-068,singapore_siemens_3t,training,True,O4,28.557,1095.4302,2.6069,1178.723,2.4227,37,25,18.0,19.839,0.6947,ventriclessynthseg,19.095,9.462,0.6687
sub-069,singapore_siemens_3t,training,True,O1,17.583,1396.563,1.259,1438.525,1.2223,64,43,15.0,8.415,0.4786,ventriclessynthseg,15.696,1.887,0.8927
sub-069,singapore_siemens_3t,training,True,O3,16.23,1396.563,1.1621,1438.525,1.1282,52,35,13.5,7.761,0.4782,ventriclessynthseg,14.613,1.617,0.9004
sub-069,singapore_siemens_3t,training,True,O4,14.088,1396.563,1.0088,1438.525,0.9793,52,32,12.0,6.765,0.4802,ventriclessynthseg,13.017,1.071,0.924
sub-069,singapore_siemens_3t,training,True,resencm,16.977,1396.563,1.2156,1438.525,1.1802,52,32,15.0,8.613,0.5073,ventriclessynthseg,15.504,1.473,0.9132
sub-070,singapore_siemens_3t,test,True,O1,7.368,1496.4691,0.4924,1543.663,0.4773,64,36,12.0,2.802,0.3803,ventriclessynthseg,6.756,0.612,0.9169
sub-070,singapore_siemens_3t,test,True,resencm,8.07,1496.4691,0.5393,1543.663,0.5228,52,30,12.0,2.571,0.3186,ventriclessynthseg,7.608,0.462,0.9428
sub-070,singapore_siemens_3t,test,True,threshold,6.918,1496.4691,0.4623,1543.663,0.4482,14,14,178.5,1.929,0.2788,ventriclessynthseg,6.285,0.633,0.9085
sub-070,singapore_siemens_3t,test,True,resencm_da5,6.615,1496.4691,0.442,1543.663,0.4285,50,32,15.0,2.166,0.3274,ventriclessynthseg,6.204,0.411,0.9379
sub-070,singapore_siemens_3t,test,True,wmhsynthseg,26.001,1496.4691,1.7375,1543.663,1.6844,18,16,72.0,12.705,0.4886,ventriclessynthseg,21.786,4.215,0.8379
sub-071,singapore_siemens_3t,test,True,O1,24.843,1318.1569,1.8847,1388.824,1.7888,52,37,18.0,12.117,0.4877,ventriclessynthseg,20.778,4.065,0.8364
sub-071,singapore_siemens_3t,test,True,resencm,24.417,1318.1569,1.8524,1388.824,1.7581,40,26,13.5,11.835,0.4847,ventriclessynthseg,21.516,2.901,0.8812
sub-071,singapore_siemens_3t,test,True,threshold,15.156,1318.1569,1.1498,1388.824,1.0913,11,11,116.9999,5.52,0.3642,ventriclessynthseg,14.703,0.453,0.9701
sub-071,singapore_siemens_3t,test,True,resencm_da5,23.064,1318.1569,1.7497,1388.824,1.6607,42,28,15.0,10.458,0.4534,ventriclessynthseg,20.43,2.634,0.8858
sub-071,singapore_siemens_3t,test,True,wmhsynthseg,25.05,1318.1569,1.9004,1388.824,1.8037,20,17,59.9999,12.795,0.5108,ventriclessynthseg,22.029,3.021,0.8794
sub-072,singapore_siemens_3t,test,True,O1,80.5111,1507.6393,5.3402,1597.78,5.0389,43,24,15.0,79.4341,0.9866,ventriclessynthseg,47.697,32.814,0.5924
sub-072,singapore_siemens_3t,test,True,resencm,80.6071,1507.6393,5.3466,1597.78,5.0449,41,23,12.0,45.381,0.563,ventriclessynthseg,49.338,31.269,0.6121
sub-072,singapore_siemens_3t,test,True,threshold,28.599,1507.6393,1.8969,1597.78,1.7899,12,12,193.5002,9.168,0.3206,ventriclessynthseg,23.958,4.641,0.8377
sub-072,singapore_siemens_3t,test,True,resencm_da5,78.9181,1507.6393,5.2345,1597.78,4.9392,40,24,12.0,44.502,0.5639,ventriclessynthseg,48.924,29.994,0.6199
sub-072,singapore_siemens_3t,test,True,wmhsynthseg,54.453,1507.6393,3.6118,1597.78,3.408,22,16,58.5001,26.706,0.4904,ventriclessynthseg,37.362,17.091,0.6861
sub-073,singapore_siemens_3t,test,True,O1,0.903,1205.4456,0.0749,1238.317,0.0729,18,13,33.0,0.27,0.299,ventriclessynthseg,0.882,0.021,0.9767
sub-073,singapore_siemens_3t,test,True,resencm,1.419,1205.4456,0.1177,1238.317,0.1146,23,10,6.0,0.576,0.4059,ventriclessynthseg,1.389,0.03,0.9789
sub-073,singapore_siemens_3t,test,True,threshold,1.536,1205.4456,0.1274,1238.317,0.124,16,16,63.0,0.306,0.1992,ventriclessynthseg,1.155,0.381,0.752
sub-073,singapore_siemens_3t,test,True,resencm_da5,1.293,1205.4456,0.1073,1238.317,0.1044,19,12,21.0,0.525,0.406,ventriclessynthseg,1.272,0.021,0.9838
sub-073,singapore_siemens_3t,test,True,wmhsynthseg,7.254,1205.4456,0.6018,1238.317,0.5858,9,7,180.0001,3.777,0.5207,ventriclessynthseg,6.822,0.432,0.9404
sub-074,singapore_siemens_3t,test,True,O1,3.06,1437.2743,0.2129,1511.104,0.2025,42,31,21.0,0.852,0.2784,ventriclessynthseg,2.472,0.588,0.8078
sub-074,singapore_siemens_3t,test,True,resencm,2.946,1437.2743,0.205,1511.104,0.195,45,30,15.0,0.978,0.332,ventriclessynthseg,2.451,0.495,0.832
sub-074,singapore_siemens_3t,test,True,threshold,4.314,1437.2743,0.3002,1511.104,0.2855,20,20,115.4999,0.939,0.2177,ventriclessynthseg,3.504,0.81,0.8122
sub-074,singapore_siemens_3t,test,True,resencm_da5,2.58,1437.2743,0.1795,1511.104,0.1707,44,28,13.5,0.804,0.3116,ventriclessynthseg,2.181,0.399,0.8453
sub-074,singapore_siemens_3t,test,True,wmhsynthseg,10.143,1437.2743,0.7057,1511.104,0.6712,18,12,43.4999,5.076,0.5004,ventriclessynthseg,9.621,0.522,0.9485
sub-075,singapore_siemens_3t,test,True,O1,1.356,1313.8211,0.1032,1359.885,0.0997,27,14,12.0,0.528,0.3894,ventriclessynthseg,0.885,0.471,0.6527
sub-075,singapore_siemens_3t,test,True,resencm,0.978,1313.8211,0.0744,1359.885,0.0719,24,14,12.0,0.234,0.2393,ventriclessynthseg,0.75,0.228,0.7669
sub-075,singapore_siemens_3t,test,True,threshold,2.19,1313.8211,0.1667,1359.885,0.161,12,12,120.0001,0.591,0.2699,ventriclessynthseg,1.8,0.39,0.8219
sub-075,singapore_siemens_3t,test,True,resencm_da5,1.011,1313.8211,0.077,1359.885,0.0743,25,16,12.0,0.252,0.2493,ventriclessynthseg,0.783,0.228,0.7745
sub-075,singapore_siemens_3t,test,True,wmhsynthseg,11.679,1313.8211,0.8889,1359.885,0.8588,13,9,33.0,5.109,0.4375,ventriclessynthseg,10.077,1.602,0.8628
sub-076,singapore_siemens_3t,test,True,O1,3.291,1264.8326,0.2602,1280.572,0.257,60,39,12.0,0.6,0.1823,ventriclessynthseg,2.646,0.645,0.804
sub-076,singapore_siemens_3t,test,True,resencm,2.607,1264.8326,0.2061,1280.572,0.2036,55,38,12.0,0.567,0.2175,ventriclessynthseg,2.103,0.504,0.8067
sub-076,singapore_siemens_3t,test,True,threshold,6.786,1264.8326,0.5365,1280.572,0.5299,23,22,147.0,1.374,0.2025,ventriclessynthseg,4.665,2.121,0.6874
sub-076,singapore_siemens_3t,test,True,resencm_da5,2.568,1264.8326,0.203,1280.572,0.2005,54,35,12.0,0.477,0.1857,ventriclessynthseg,2.037,0.531,0.7932
sub-076,singapore_siemens_3t,test,True,wmhsynthseg,12.915,1264.8326,1.0211,1280.572,1.0085,26,17,36.0,4.989,0.3863,ventriclessynthseg,9.468,3.447,0.7331
sub-077,singapore_siemens_3t,test,True,O1,10.818,1416.4674,0.7637,1456.581,0.7427,90,47,12.0,3.675,0.3397,ventriclessynthseg,9.18,1.638,0.8486
sub-077,singapore_siemens_3t,test,True,resencm,9.801,1416.4674,0.6919,1456.581,0.6729,73,41,12.0,3.219,0.3284,ventriclessynthseg,8.295,1.506,0.8463
sub-077,singapore_siemens_3t,test,True,threshold,7.929,1416.4674,0.5598,1456.581,0.5444,27,27,155.9999,2.136,0.2694,ventriclessynthseg,7.08,0.849,0.8929
sub-077,singapore_siemens_3t,test,True,resencm_da5,9.795,1416.4674,0.6915,1456.581,0.6725,70,39,12.0,3.12,0.3185,ventriclessynthseg,8.334,1.461,0.8508
sub-077,singapore_siemens_3t,test,True,wmhsynthseg,18.531,1416.4674,1.3083,1456.581,1.2722,29,25,81.0,8.637,0.4661,ventriclessynthseg,14.532,3.999,0.7842
sub-078,singapore_siemens_3t,test,True,O1,2.394,1288.0684,0.1859,1354.393,0.1768,30,14,9.0,0.939,0.3922,ventriclessynthseg,2.205,0.189,0.9211
sub-078,singapore_siemens_3t,test,True,resencm,1.98,1288.0684,0.1537,1354.393,0.1462,25,14,12.0,0.825,0.4167,ventriclessynthseg,1.827,0.153,0.9227
sub-078,singapore_siemens_3t,test,True,threshold,3.879,1288.0684,0.3011,1354.393,0.2864,23,23,108.0,0.801,0.2065,ventriclessynthseg,3.192,0.687,0.8229
sub-078,singapore_siemens_3t,test,True,resencm_da5,1.785,1288.0684,0.1386,1354.393,0.1318,28,17,13.5,0.759,0.4252,ventriclessynthseg,1.644,0.141,0.921
sub-078,singapore_siemens_3t,test,True,wmhsynthseg,13.383,1288.0684,1.039,1354.393,0.9881,8,8,160.5001,6.273,0.4687,ventriclessynthseg,11.778,1.605,0.8801
sub-079,singapore_siemens_3t,test,True,O1,7.62,1173.3516,0.6494,1254.078,0.6076,20,16,16.5,3.303,0.4335,ventriclessynthseg,7.023,0.597,0.9217
sub-079,singapore_siemens_3t,test,True,resencm,8.544,1173.3516,0.7282,1254.078,0.6813,23,15,21.0,2.772,0.3244,ventriclessynthseg,7.893,0.651,0.9238
sub-079,singapore_siemens_3t,test,True,threshold,4.179,1173.3516,0.3562,1254.078,0.3332,9,9,174.0001,1.506,0.3604,ventriclessynthseg,4.101,0.078,0.9813
sub-079,singapore_siemens_3t,test,True,resencm_da5,8.013,1173.3516,0.6829,1254.078,0.639,23,18,30.0,2.67,0.3332,ventriclessynthseg,7.437,0.576,0.9281
sub-079,singapore_siemens_3t,test,True,wmhsynthseg,12.153,1173.3516,1.0358,1254.078,0.9691,14,7,16.5,5.634,0.4636,ventriclessynthseg,11.049,1.104,0.9092
sub-080,singapore_siemens_3t,test,True,O1,18.174,1287.7203,1.4113,1293.736,1.4048,80,47,15.0,8.574,0.4718,ventriclessynthseg,14.931,3.243,0.8216
sub-080,singapore_siemens_3t,test,True,resencm,19.059,1287.7203,1.4801,1293.736,1.4732,64,36,15.0,8.784,0.4609,ventriclessynthseg,16.062,2.997,0.8428
sub-080,singapore_siemens_3t,test,True,threshold,8.409,1287.7203,0.653,1293.736,0.65,12,12,129.0,2.643,0.3143,ventriclessynthseg,7.965,0.444,0.9472
sub-080,singapore_siemens_3t,test,True,resencm_da5,18.825,1287.7203,1.4619,1293.736,1.4551,62,40,15.0,8.598,0.4567,ventriclessynthseg,15.807,3.018,0.8397
sub-080,singapore_siemens_3t,test,True,wmhsynthseg,19.38,1287.7203,1.505,1293.736,1.498,16,15,79.5,9.498,0.4901,ventriclessynthseg,17.52,1.86,0.904
sub-081,singapore_siemens_3t,test,True,O1,34.98,1392.5103,2.512,1431.76,2.4431,36,19,12.0,17.475,0.4996,ventriclessynthseg,31.956,3.024,0.9136
sub-081,singapore_siemens_3t,test,True,resencm,38.514,1392.5103,2.7658,1431.76,2.69,26,17,15.0,19.431,0.5045,ventriclessynthseg,35.253,3.261,0.9153
sub-081,singapore_siemens_3t,test,True,threshold,10.536,1392.5103,0.7566,1431.76,0.7359,15,13,138.0,5.037,0.4781,ventriclessynthseg,10.167,0.369,0.965
sub-081,singapore_siemens_3t,test,True,resencm_da5,38.001,1392.5103,2.729,1431.76,2.6541,30,14,9.0,19.164,0.5043,ventriclessynthseg,35.043,2.958,0.9222
sub-081,singapore_siemens_3t,test,True,wmhsynthseg,36.666,1392.5103,2.6331,1431.76,2.5609,14,13,28.5,18.9,0.5155,ventriclessynthseg,34.575,2.091,0.943
sub-082,singapore_siemens_3t,test,True,O1,12.303,1130.5534,1.0882,1167.04,1.0542,62,33,12.0,5.832,0.474,ventriclessynthseg,10.446,1.857,0.8491
sub-082,singapore_siemens_3t,test,True,resencm,13.755,1130.5534,1.2167,1167.04,1.1786,49,25,12.0,5.844,0.4249,ventriclessynthseg,11.775,1.98,0.8561
sub-082,singapore_siemens_3t,test,True,threshold,10.011,1130.5534,0.8855,1167.04,0.8578,16,16,58.5,4.674,0.4669,ventriclessynthseg,8.922,1.089,0.8912
sub-082,singapore_siemens_3t,test,True,resencm_da5,13.041,1130.5534,1.1535,1167.04,1.1174,51,25,9.0,5.745,0.4405,ventriclessynthseg,11.217,1.824,0.8601
sub-082,singapore_siemens_3t,test,True,wmhsynthseg,15.597,1130.5534,1.3796,1167.04,1.3365,17,10,45.0,8.157,0.523,ventriclessynthseg,13.116,2.481,0.8409
sub-083,singapore_siemens_3t,test,True,O1,4.665,1484.451,0.3143,1576.856,0.2958,75,52,18.0,1.479,0.317,ventriclessynthseg,3.618,1.047,0.7756
sub-083,singapore_siemens_3t,test,True,resencm,4.437,1484.451,0.2989,1576.856,0.2814,78,50,15.0,1.434,0.3232,ventriclessynthseg,3.312,1.125,0.7465
sub-083,singapore_siemens_3t,test,True,threshold,2.733,1484.451,0.1841,1576.856,0.1733,11,11,141.0,0.963,0.3524,ventriclessynthseg,2.613,0.12,0.9561
sub-083,singapore_siemens_3t,test,True,resencm_da5,4.974,1484.451,0.3351,1576.856,0.3154,75,51,18.0,1.521,0.3058,ventriclessynthseg,3.846,1.128,0.7732
sub-083,singapore_siemens_3t,test,True,wmhsynthseg,11.85,1484.451,0.7983,1576.856,0.7515,28,18,27.0,5.346,0.4511,ventriclessynthseg,10.728,1.122,0.9053
sub-084,singapore_siemens_3t,test,True,O1,23.286,1480.6569,1.5727,1493.442,1.5592,148,88,15.0,9.12,0.3917,ventriclessynthseg,17.277,6.009,0.7419
sub-084,singapore_siemens_3t,test,True,resencm,24.921,1480.6569,1.6831,1493.442,1.6687,122,78,15.0,9.999,0.4012,ventriclessynthseg,18.678,6.243,0.7495
sub-084,singapore_siemens_3t,test,True,threshold,19.755,1480.6569,1.3342,1493.442,1.3228,26,26,103.4999,8.802,0.4456,ventriclessynthseg,17.565,2.19,0.8891
sub-084,singapore_siemens_3t,test,True,resencm_da5,23.382,1480.6569,1.5792,1493.442,1.5656,121,78,15.0,9.558,0.4088,ventriclessynthseg,17.832,5.55,0.7626
sub-084,singapore_siemens_3t,test,True,wmhsynthseg,31.458,1480.6569,2.1246,1493.442,2.1064,41,25,24.0,15.663,0.4979,ventriclessynthseg,24.93,6.528,0.7925
sub-085,singapore_siemens_3t,test,True,O1,20.262,1418.3727,1.4285,1448.546,1.3988,70,42,15.0,10.902,0.5381,ventriclessynthseg,17.661,2.601,0.8716
sub-085,singapore_siemens_3t,test,True,resencm,22.767,1418.3727,1.6051,1448.546,1.5717,64,30,9.0,12.321,0.5412,ventriclessynthseg,20.235,2.532,0.8888
sub-085,singapore_siemens_3t,test,True,threshold,19.209,1418.3727,1.3543,1448.546,1.3261,14,14,76.5,10.569,0.5502,ventriclessynthseg,18.252,0.957,0.9502
sub-085,singapore_siemens_3t,test,True,resencm_da5,21.738,1418.3727,1.5326,1448.546,1.5007,59,30,12.0,11.862,0.5457,ventriclessynthseg,19.482,2.256,0.8962
sub-085,singapore_siemens_3t,test,True,wmhsynthseg,19.911,1418.3727,1.4038,1448.546,1.3746,24,14,15.0,11.205,0.5628,ventriclessynthseg,17.175,2.736,0.8626
sub-086,singapore_siemens_3t,test,True,O1,27.153,1206.2058,2.2511,1242.806,2.1848,69,43,18.0,13.482,0.4965,ventriclessynthseg,22.608,4.545,0.8326
sub-086,singapore_siemens_3t,test,True,resencm,33.102,1206.2058,2.7443,1242.806,2.6635,58,38,12.0,17.634,0.5327,ventriclessynthseg,26.952,6.15,0.8142
sub-086,singapore_siemens_3t,test,True,threshold,21.6,1206.2058,1.7907,1242.806,1.738,11,11,62.9999,10.491,0.4857,ventriclessynthseg,19.773,1.827,0.9154
sub-086,singapore_siemens_3t,test,True,resencm_da5,31.887,1206.2058,2.6436,1242.806,2.5657,55,37,15.0,16.434,0.5154,ventriclessynthseg,26.19,5.697,0.8213
sub-086,singapore_siemens_3t,test,True,wmhsynthseg,29.166,1206.2058,2.418,1242.806,2.3468,20,17,43.5,14.583,0.5,ventriclessynthseg,25.095,4.071,0.8604
sub-087,singapore_siemens_3t,test,True,O1,20.274,1244.5982,1.629,1323.632,1.5317,50,33,13.5,8.31,0.4099,ventriclessynthseg,19.116,1.158,0.9429
sub-087,singapore_siemens_3t,test,True,resencm,23.331,1244.5982,1.8746,1323.632,1.7627,35,18,12.0,12.978,0.5563,ventriclessynthseg,21.945,1.386,0.9406
sub-087,singapore_siemens_3t,test,True,threshold,16.692,1244.5982,1.3412,1323.632,1.2611,8,8,1405.5002,6.807,0.4078,ventriclessynthseg,16.395,0.297,0.9822
sub-087,singapore_siemens_3t,test,True,resencm_da5,21.867,1244.5982,1.757,1323.632,1.652,37,17,9.0,12.318,0.5633,ventriclessynthseg,20.739,1.128,0.9484
sub-087,singapore_siemens_3t,test,True,wmhsynthseg,25.911,1244.5982,2.0819,1323.632,1.9576,19,13,45.0,13.884,0.5358,ventriclessynthseg,24.066,1.845,0.9288
sub-088,singapore_siemens_3t,test,True,O1,8.874,1199.343,0.7399,1202.819,0.7378,76,53,15.0,4.422,0.4983,ventriclessynthseg,5.418,3.456,0.6105
sub-088,singapore_siemens_3t,test,True,resencm,11.358,1199.343,0.947,1202.819,0.9443,74,53,18.0,5.916,0.5209,ventriclessynthseg,6.984,4.374,0.6149
sub-088,singapore_siemens_3t,test,True,threshold,5.145,1199.343,0.429,1202.819,0.4277,19,19,99.0,1.386,0.2694,ventriclessynthseg,3.618,1.527,0.7032
sub-088,singapore_siemens_3t,test,True,resencm_da5,10.677,1199.343,0.8902,1202.819,0.8877,70,57,19.5,5.196,0.4867,ventriclessynthseg,6.513,4.164,0.61
sub-088,singapore_siemens_3t,test,True,wmhsynthseg,12.069,1199.343,1.0063,1202.819,1.0034,29,21,48.0,4.563,0.3781,ventriclessynthseg,8.298,3.771,0.6875
sub-089,singapore_siemens_3t,test,True,O1,0.966,1337.9307,0.0722,1370.584,0.0705,19,12,12.0,0.384,0.3975,ventriclessynthseg,0.936,0.03,0.9689
sub-089,singapore_siemens_3t,test,True,resencm,0.57,1337.9307,0.0426,1370.584,0.0416,14,7,12.0,0.159,0.2789,ventriclessynthseg,0.546,0.024,0.9579
sub-089,singapore_siemens_3t,test,True,threshold,3.426,1337.9307,0.2561,1370.584,0.25,27,27,81.0,0.621,0.1813,ventriclessynthseg,2.343,1.083,0.6839
sub-089,singapore_siemens_3t,test,True,resencm_da5,0.582,1337.9307,0.0435,1370.584,0.0425,15,7,6.0,0.138,0.2371,ventriclessynthseg,0.561,0.021,0.9639
sub-089,singapore_siemens_3t,test,True,wmhsynthseg,14.181,1337.9307,1.0599,1370.584,1.0347,10,8,27.0,7.377,0.5202,ventriclessynthseg,12.702,1.479,0.8957
sub-090,singapore_siemens_3t,test,True,O1,4.335,1128.5426,0.3841,1178.419,0.3679,57,26,9.0,1.542,0.3557,ventriclessynthseg,3.777,0.558,0.8713
sub-090,singapore_siemens_3t,test,True,resencm,5.1,1128.5426,0.4519,1178.419,0.4328,40,24,15.0,1.728,0.3388,ventriclessynthseg,4.407,0.693,0.8641
sub-090,singapore_siemens_3t,test,True,threshold,5.367,1128.5426,0.4756,1178.419,0.4554,17,17,152.9999,2.511,0.4679,ventriclessynthseg,5.145,0.222,0.9586
sub-090,singapore_siemens_3t,test,True,resencm_da5,4.65,1128.5426,0.412,1178.419,0.3946,39,22,12.0,1.329,0.2858,ventriclessynthseg,4.035,0.615,0.8677
sub-090,singapore_siemens_3t,test,True,wmhsynthseg,11.325,1128.5426,1.0035,1178.419,0.961,15,14,51.0,5.649,0.4988,ventriclessynthseg,9.693,1.632,0.8559
sub-091,singapore_siemens_3t,test,True,O1,11.904,1019.1186,1.1681,1109.509,1.0729,30,14,9.0,10.143,0.8521,ventriclessynthseg,10.794,1.11,0.9068
sub-091,singapore_siemens_3t,test,True,resencm,13.266,1019.1186,1.3017,1109.509,1.1957,21,10,9.0,11.601,0.8745,ventriclessynthseg,11.745,1.521,0.8853
sub-091,singapore_siemens_3t,test,True,threshold,5.793,1019.1186,0.5684,1109.509,0.5221,7,7,177.0001,4.971,0.8581,ventriclessynthseg,5.622,0.171,0.9705
sub-091,singapore_siemens_3t,test,True,resencm_da5,13.707,1019.1186,1.345,1109.509,1.2354,24,13,12.0,11.934,0.8707,ventriclessynthseg,12.03,1.677,0.8777
sub-091,singapore_siemens_3t,test,True,wmhsynthseg,13.203,1019.1186,1.2955,1109.509,1.19,10,6,22.5,11.874,0.8993,ventriclessynthseg,11.649,1.554,0.8823
sub-092,singapore_siemens_3t,test,True,O1,22.281,1343.1683,1.6588,1434.162,1.5536,83,56,21.0,7.722,0.3466,ventriclessynthseg,17.649,4.632,0.7921
sub-092,singapore_siemens_3t,test,True,resencm,26.298,1343.1683,1.9579,1434.162,1.8337,53,38,15.0,13.428,0.5106,ventriclessynthseg,21.366,4.932,0.8125
sub-092,singapore_siemens_3t,test,True,threshold,12.468,1343.1683,0.9283,1434.162,0.8694,12,12,124.4999,4.764,0.3821,ventriclessynthseg,11.829,0.639,0.9487
sub-092,singapore_siemens_3t,test,True,resencm_da5,26.022,1343.1683,1.9374,1434.162,1.8144,53,37,18.0,13.137,0.5048,ventriclessynthseg,21.408,4.614,0.8227
sub-092,singapore_siemens_3t,test,True,wmhsynthseg,26.25,1343.1683,1.9543,1434.162,1.8303,25,20,42.0,12.912,0.4919,ventriclessynthseg,22.836,3.414,0.8699
sub-093,singapore_siemens_3t,test,True,O1,9.453,1623.8117,0.5821,1648.917,0.5733,55,39,18.0,3.621,0.3831,ventriclessynthseg,8.547,0.906,0.9042
sub-093,singapore_siemens_3t,test,True,resencm,10.335,1623.8117,0.6365,1648.917,0.6268,45,29,21.0,3.948,0.382,ventriclessynthseg,9.528,0.807,0.9219
sub-093,singapore_siemens_3t,test,True,threshold,10.23,1623.8117,0.63,1648.917,0.6204,21,21,108.0001,3.789,0.3704,ventriclessynthseg,9.762,0.468,0.9543
sub-093,singapore_siemens_3t,test,True,resencm_da5,10.323,1623.8117,0.6357,1648.917,0.626,45,28,21.0,3.969,0.3845,ventriclessynthseg,9.516,0.807,0.9218
sub-093,singapore_siemens_3t,test,True,wmhsynthseg,21.438,1623.8117,1.3202,1648.917,1.3001,26,17,19.5,11.121,0.5188,ventriclessynthseg,19.038,2.4,0.888
sub-094,singapore_siemens_3t,test,True,O1,28.92,1275.877,2.2667,1293.966,2.235,63,32,12.0,16.467,0.5694,ventriclessynthseg,25.542,3.378,0.8832
sub-094,singapore_siemens_3t,test,True,resencm,34.38,1275.877,2.6946,1293.966,2.6569,41,22,12.0,20.112,0.585,ventriclessynthseg,30.759,3.621,0.8947
sub-094,singapore_siemens_3t,test,True,threshold,7.983,1275.877,0.6257,1293.966,0.6169,16,16,135.0001,2.889,0.3619,ventriclessynthseg,7.617,0.366,0.9542
sub-094,singapore_siemens_3t,test,True,resencm_da5,33.804,1275.877,2.6495,1293.966,2.6124,45,23,12.0,19.881,0.5881,ventriclessynthseg,30.465,3.339,0.9012
sub-094,singapore_siemens_3t,test,True,wmhsynthseg,27.936,1275.877,2.1896,1293.966,2.1589,16,12,67.5001,13.584,0.4863,ventriclessynthseg,26.874,1.062,0.962
sub-095,singapore_siemens_3t,test,True,O1,18.021,1461.6965,1.2329,1491.513,1.2082,72,37,12.0,8.646,0.4798,ventriclessynthseg,16.539,1.482,0.9178
sub-095,singapore_siemens_3t,test,True,resencm,17.772,1461.6965,1.2158,1491.513,1.1915,55,29,12.0,8.673,0.488,ventriclessynthseg,16.545,1.227,0.931
sub-095,singapore_siemens_3t,test,True,threshold,13.005,1461.6965,0.8897,1491.513,0.8719,11,11,204.0001,3.576,0.275,ventriclessynthseg,12.873,0.132,0.9899
sub-095,singapore_siemens_3t,test,True,resencm_da5,17.931,1461.6965,1.2267,1491.513,1.2022,50,25,10.5,8.856,0.4939,ventriclessynthseg,16.842,1.089,0.9393
sub-095,singapore_siemens_3t,test,True,wmhsynthseg,20.172,1461.6965,1.38,1491.513,1.3525,21,16,36.0,9.663,0.479,ventriclessynthseg,18.819,1.353,0.9329
sub-096,singapore_siemens_3t,test,True,O1,61.032,1347.153,4.5304,1421.561,4.2933,140,76,12.0,28.023,0.4592,ventriclessynthseg,33.579,27.453,0.5502
sub-096,singapore_siemens_3t,test,True,resencm,58.203,1347.153,4.3204,1421.561,4.0943,118,59,10.5,26.817,0.4607,ventriclessynthseg,31.893,26.31,0.548
sub-096,singapore_siemens_3t,test,True,threshold,29.451,1347.153,2.1862,1421.561,2.0717,27,27,93.0,13.35,0.4533,ventriclessynthseg,19.749,9.702,0.6706
sub-096,singapore_siemens_3t,test,True,resencm_da5,58.734,1347.153,4.3599,1421.561,4.1317,120,56,9.0,27.342,0.4655,ventriclessynthseg,32.79,25.944,0.5583
sub-096,singapore_siemens_3t,test,True,wmhsynthseg,36.786,1347.153,2.7306,1421.561,2.5877,40,27,45.0,19.848,0.5396,ventriclessynthseg,23.463,13.323,0.6378
sub-097,singapore_siemens_3t,test,True,O1,18.165,1284.7806,1.4139,1350.68,1.3449,38,23,22.5,7.05,0.3881,ventriclessynthseg,16.845,1.32,0.9273
sub-097,singapore_siemens_3t,test,True,resencm,18.222,1284.7806,1.4183,1350.68,1.3491,29,18,21.0,7.251,0.3979,ventriclessynthseg,17.097,1.125,0.9383
sub-097,singapore_siemens_3t,test,True,threshold,7.044,1284.7806,0.5483,1350.68,0.5215,7,7,1023.0005,2.556,0.3629,ventriclessynthseg,6.975,0.069,0.9902
sub-097,singapore_siemens_3t,test,True,resencm_da5,18.222,1284.7806,1.4183,1350.68,1.3491,27,17,27.0,7.347,0.4032,ventriclessynthseg,17.187,1.035,0.9432
sub-097,singapore_siemens_3t,test,True,wmhsynthseg,16.788,1284.7806,1.3067,1350.68,1.2429,14,11,84.0,9.216,0.549,ventriclessynthseg,15.567,1.221,0.9273
sub-098,singapore_siemens_3t,test,True,O1,4.458,1099.8954,0.4053,1173.908,0.3798,55,31,12.0,1.746,0.3917,ventriclessynthseg,3.687,0.771,0.8271
sub-098,singapore_siemens_3t,test,True,resencm,5.094,1099.8954,0.4631,1173.908,0.4339,45,22,9.0,2.193,0.4305,ventriclessynthseg,4.503,0.591,0.884
sub-098,singapore_siemens_3t,test,True,threshold,3.711,1099.8954,0.3374,1173.908,0.3161,13,13,101.9999,1.512,0.4074,ventriclessynthseg,3.384,0.327,0.9119
sub-098,singapore_siemens_3t,test,True,resencm_da5,5.1,1099.8954,0.4637,1173.908,0.4344,44,26,12.0,2.166,0.4247,ventriclessynthseg,4.431,0.669,0.8688
sub-098,singapore_siemens_3t,test,True,wmhsynthseg,8.52,1099.8954,0.7746,1173.908,0.7258,18,13,27.0,3.681,0.432,ventriclessynthseg,7.623,0.897,0.8947
sub-099,singapore_siemens_3t,test,True,O1,2.544,1202.343,0.2116,1244.549,0.2044,31,17,12.0,1.158,0.4552,ventriclessynthseg,2.313,0.231,0.9092
sub-099,singapore_siemens_3t,test,True,resencm,2.547,1202.343,0.2118,1244.549,0.2047,24,15,12.0,1.323,0.5194,ventriclessynthseg,2.343,0.204,0.9199
sub-099,singapore_siemens_3t,test,True,threshold,2.958,1202.343,0.246,1244.549,0.2377,7,7,183.0,1.017,0.3438,ventriclessynthseg,2.718,0.24,0.9189
sub-099,singapore_siemens_3t,test,True,resencm_da5,2.388,1202.343,0.1986,1244.549,0.1919,25,15,12.0,1.218,0.5101,ventriclessynthseg,2.181,0.207,0.9133
sub-099,singapore_siemens_3t,test,True,wmhsynthseg,6.993,1202.343,0.5816,1244.549,0.5619,17,13,42.0,3.366,0.4813,ventriclessynthseg,6.714,0.279,0.9601
sub-100,amsterdam_ge_3t,training,True,O1,6.2721,1357.3822,0.4621,1451.377,0.4321,99,78,17.5788,0.8543,0.1362,ventriclessynthseg,4.0748,2.1974,0.6497
sub-100,amsterdam_ge_3t,training,True,O3,5.4494,1357.3822,0.4015,1451.377,0.3755,79,68,31.6418,0.8895,0.1632,ventriclessynthseg,3.6353,1.8141,0.6671
sub-100,amsterdam_ge_3t,training,True,O4,6.5288,1357.3822,0.481,1451.377,0.4498,84,65,22.8524,0.9106,0.1395,ventriclessynthseg,4.472,2.0567,0.685
sub-101,amsterdam_ge_3t,training,True,O1,3.1114,1748.1203,0.178,1861.34,0.1672,25,17,21.0946,0.7629,0.2452,ventriclessynthseg,2.9778,0.1336,0.9571
sub-101,amsterdam_ge_3t,training,True,O3,1.8176,1748.1203,0.104,1861.34,0.0977,20,17,35.1576,0.4324,0.2379,ventriclessynthseg,1.7016,0.116,0.9362
sub-101,amsterdam_ge_3t,training,True,O4,3.9869,1748.1203,0.2281,1861.34,0.2142,19,15,21.0946,0.6926,0.1737,ventriclessynthseg,3.8709,0.116,0.9709
sub-102,amsterdam_ge_3t,training,True,O1,4.3557,1338.3172,0.3255,1416.473,0.3075,115,79,17.5773,0.4148,0.0952,ventriclessynthseg,2.2534,2.1022,0.5174
sub-102,amsterdam_ge_3t,training,True,O3,2.9952,1338.3172,0.2238,1416.473,0.2115,81,60,17.5773,0.2461,0.0822,ventriclessynthseg,1.4835,1.5117,0.4953
sub-102,amsterdam_ge_3t,training,True,O4,4.6088,1338.3172,0.3444,1416.473,0.3254,107,80,17.5773,0.3902,0.0847,ventriclessynthseg,2.3308,2.278,0.5057
sub-103,amsterdam_ge_3t,training,True,O1,22.7153,1236.2116,1.8375,1332.615,1.7046,84,57,14.063,10.6668,0.4696,ventriclessynthseg,18.2644,4.451,0.8041
sub-103,amsterdam_ge_3t,training,True,O3,9.2078,1236.2116,0.7448,1332.615,0.691,47,40,24.6103,3.4701,0.3769,ventriclessynthseg,7.9878,1.22,0.8675
sub-103,amsterdam_ge_3t,training,True,O4,19.305,1236.2116,1.5616,1332.615,1.4487,52,47,21.0946,9.6719,0.501,ventriclessynthseg,16.2534,3.0517,0.8419
sub-103,amsterdam_ge_3t,training,True,resencm,17.2026,1236.2116,1.3916,1332.615,1.2909,70,46,14.063,8.2937,0.4821,ventriclessynthseg,14.158,3.0446,0.823
sub-104,amsterdam_ge_3t,training,True,O1,29.3003,1571.4041,1.8646,1700.169,1.7234,83,64,21.0946,6.7784,0.2313,ventriclessynthseg,20.6832,8.6171,0.7059
sub-104,amsterdam_ge_3t,training,True,O3,24.1462,1571.4041,1.5366,1700.169,1.4202,65,53,28.1261,6.3495,0.263,ventriclessynthseg,16.2955,7.8507,0.6749
sub-104,amsterdam_ge_3t,training,True,O4,29.5218,1571.4041,1.8787,1700.169,1.7364,59,49,31.6418,11.0887,0.3756,ventriclessynthseg,20.9715,8.5503,0.7104
sub-105,amsterdam_ge_3t,training,True,O1,11.4333,1456.0169,0.7852,1560.626,0.7326,44,33,17.5788,4.4017,0.385,ventriclessynthseg,10.6,0.8332,0.9271
sub-105,amsterdam_ge_3t,training,True,O3,9.4293,1456.0169,0.6476,1560.626,0.6042,49,38,21.0946,3.1853,0.3378,ventriclessynthseg,8.8035,0.6258,0.9336
sub-105,amsterdam_ge_3t,training,True,O4,12.1048,1456.0169,0.8314,1560.626,0.7756,28,24,31.6418,5.0697,0.4188,ventriclessynthseg,11.4895,0.6153,0.9492
sub-106,amsterdam_ge_3t,training,True,O1,3.0271,1429.9405,0.2117,1490.751,0.2031,16,13,24.6103,1.1707,0.3868,ventriclessynthseg,2.9743,0.0527,0.9826
sub-106,amsterdam_ge_3t,training,True,O3,2.8513,1429.9405,0.1994,1490.751,0.1913,21,15,21.0946,1.1039,0.3872,ventriclessynthseg,2.781,0.0703,0.9753
sub-106,amsterdam_ge_3t,training,True,O4,3.7548,1429.9405,0.2626,1490.751,0.2519,20,18,26.3682,1.4731,0.3923,ventriclessynthseg,3.6247,0.1301,0.9654
sub-106,amsterdam_ge_3t,training,True,resencm,2.6439,1429.9405,0.1849,1490.751,0.1774,19,12,14.063,0.9739,0.3684,ventriclessynthseg,2.6017,0.0422,0.984
sub-107,amsterdam_ge_3t,training,True,O1,6.2405,1214.0588,0.514,1279.579,0.4877,35,29,21.0946,2.3767,0.3808,ventriclessynthseg,5.576,0.6645,0.8935
sub-107,amsterdam_ge_3t,training,True,O3,5.5936,1214.0588,0.4607,1279.579,0.4371,32,24,19.3367,1.9266,0.3444,ventriclessynthseg,5.01,0.5836,0.8957
sub-107,amsterdam_ge_3t,training,True,O4,5.7237,1214.0588,0.4714,1279.579,0.4473,24,22,45.7049,2.2782,0.398,ventriclessynthseg,5.1436,0.5801,0.8986
sub-108,amsterdam_ge_3t,training,True,O1,1.5223,1241.7894,0.1226,1275.101,0.1194,19,14,28.1257,0.559,0.3672,ventriclessynthseg,1.3922,0.1301,0.9145
sub-108,amsterdam_ge_3t,training,True,O3,1.2164,1241.7894,0.098,1275.101,0.0954,18,15,28.1257,0.3481,0.2861,ventriclessynthseg,1.0934,0.1231,0.8988
sub-108,amsterdam_ge_3t,training,True,O4,1.3289,1241.7894,0.107,1275.101,0.1042,13,11,91.4086,0.3973,0.2989,ventriclessynthseg,1.22,0.109,0.918
sub-109,amsterdam_ge_3t,training,True,O1,1.9266,1650.7865,0.1167,1796.911,0.1072,50,40,14.063,0.3375,0.1752,ventriclessynthseg,1.4942,0.4324,0.7755
sub-109,amsterdam_ge_3t,training,True,O3,1.5047,1650.7865,0.0912,1796.911,0.0837,41,33,17.5788,0.2074,0.1379,ventriclessynthseg,1.0582,0.4465,0.7033
sub-109,amsterdam_ge_3t,training,True,O4,0.9809,1650.7865,0.0594,1796.911,0.0546,29,20,14.063,0.1406,0.1434,ventriclessynthseg,0.7348,0.2461,0.7491
sub-110,amsterdam_ge_3t,training,True,O1,3.224,1654.5835,0.1948,1761.734,0.183,43,31,17.5788,0.8649,0.2683,ventriclessynthseg,2.686,0.5379,0.8332
sub-110,amsterdam_ge_3t,training,True,O3,3.4911,1654.5835,0.211,1761.734,0.1982,35,27,31.6418,0.8086,0.2316,ventriclessynthseg,2.9778,0.5133,0.853
sub-110,amsterdam_ge_3t,training,True,O4,4.683,1654.5835,0.283,1761.734,0.2658,34,27,28.1261,1.459,0.3116,ventriclessynthseg,4.1134,0.5696,0.8784
sub-110,amsterdam_ge_3t,training,True,resencm,3.3997,1654.5835,0.2055,1761.734,0.193,43,31,14.063,0.6961,0.2048,ventriclessynthseg,2.8513,0.5485,0.8387
sub-111,amsterdam_ge_3t,test,True,O1,22.0825,1318.8425,1.6744,1400.428,1.5768,66,44,17.5788,7.13,0.3229,ventriclessynthseg,16.6331,5.4494,0.7532
sub-111,amsterdam_ge_3t,test,True,resencm,23.6118,1318.8425,1.7903,1400.428,1.686,56,39,14.063,8.0581,0.3413,ventriclessynthseg,17.9937,5.6182,0.7621
sub-111,amsterdam_ge_3t,test,True,threshold,19.1855,1318.8425,1.4547,1400.428,1.37,15,14,101.957,10.716,0.5585,ventriclessynthseg,16.7842,2.4013,0.8748
sub-111,amsterdam_ge_3t,test,True,resencm_da5,24.0689,1318.8425,1.825,1400.428,1.7187,60,39,14.063,8.371,0.3478,ventriclessynthseg,18.2644,5.8045,0.7588
sub-111,amsterdam_ge_3t,test,True,wmhsynthseg,33.7161,1318.8425,2.5565,1400.428,2.4076,13,9,63.2837,17.0866,0.5068,ventriclessynthseg,28.098,5.6182,0.8334
sub-112,amsterdam_ge_3t,training,True,O1,5.7588,1251.1957,0.4603,1302.938,0.442,76,57,21.0946,1.343,0.2332,ventriclessynthseg,4.472,1.2868,0.7766
sub-112,amsterdam_ge_3t,training,True,O3,5.1647,1251.1957,0.4128,1302.938,0.3964,63,52,28.1261,1.329,0.2573,ventriclessynthseg,3.9201,1.2446,0.759
sub-112,amsterdam_ge_3t,training,True,O4,5.1682,1251.1957,0.4131,1302.938,0.3967,74,51,17.5788,1.3043,0.2524,ventriclessynthseg,3.9623,1.2059,0.7667
sub-113,amsterdam_ge_3t,training,True,O1,22.6696,1384.8755,1.6369,1468.232,1.544,82,61,17.5788,10.2238,0.451,ventriclessynthseg,18.1308,4.5388,0.7998
sub-113,amsterdam_ge_3t,training,True,O3,22.1458,1384.8755,1.5991,1468.232,1.5083,74,54,21.0946,9.6191,0.4344,ventriclessynthseg,17.7581,4.3877,0.8019
sub-113,amsterdam_ge_3t,training,True,O4,23.1056,1384.8755,1.6684,1468.232,1.5737,63,50,28.1261,10.3399,0.4475,ventriclessynthseg,18.1941,4.9115,0.7874
sub-114,amsterdam_ge_3t,training,True,O1,16.8651,1317.0248,1.2805,1435.667,1.1747,78,69,35.1576,4.1205,0.2443,ventriclessynthseg,12.3438,4.5213,0.7319
sub-114,amsterdam_ge_3t,training,True,O3,17.403,1317.0248,1.3214,1435.667,1.2122,77,66,38.6734,2.7599,0.1586,ventriclessynthseg,13.0927,4.3103,0.7523
sub-114,amsterdam_ge_3t,training,True,O4,17.5964,1317.0248,1.3361,1435.667,1.2257,70,61,42.1891,3.3962,0.193,ventriclessynthseg,12.9204,4.676,0.7343
sub-115,amsterdam_ge_3t,training,True,O1,3.3294,1498.1076,0.2222,1531.095,0.2175,35,27,17.5788,1.2868,0.3865,ventriclessynthseg,2.8759,0.4535,0.8638
sub-115,amsterdam_ge_3t,training,True,O3,4.0502,1498.1076,0.2704,1531.095,0.2645,34,29,21.0946,1.5012,0.3707,ventriclessynthseg,3.5263,0.5238,0.8707
sub-115,amsterdam_ge_3t,training,True,O4,4.1451,1498.1076,0.2767,1531.095,0.2707,25,22,31.6418,1.5505,0.374,ventriclessynthseg,3.6669,0.4781,0.8846
sub-116,amsterdam_ge_3t,training,True,O1,2.1552,1352.527,0.1593,1381.034,0.1561,35,24,14.063,0.6645,0.3083,ventriclessynthseg,1.8774,0.2777,0.8711
sub-116,amsterdam_ge_3t,training,True,O3,2.8583,1352.527,0.2113,1381.034,0.207,26,23,36.9155,0.7418,0.2595,ventriclessynthseg,2.5735,0.2848,0.9004
sub-116,amsterdam_ge_3t,training,True,O4,2.1974,1352.527,0.1625,1381.034,0.1591,21,18,24.6103,0.675,0.3072,ventriclessynthseg,1.9829,0.2145,0.9024
sub-117,amsterdam_ge_3t,test,True,O1,46.9073,1531.8659,3.0621,1600.337,2.9311,60,43,14.063,23.3376,0.4975,ventriclessynthseg,31.9864,14.9209,0.6819
sub-117,amsterdam_ge_3t,test,True,resencm,43.954,1531.8659,2.8693,1600.337,2.7465,68,46,15.8209,21.1332,0.4808,ventriclessynthseg,30.0949,13.8591,0.6847
sub-117,amsterdam_ge_3t,test,True,threshold,27.9573,1531.8659,1.8251,1600.337,1.747,19,19,112.5043,12.9837,0.4644,ventriclessynthseg,22.5852,5.3721,0.8078
sub-117,amsterdam_ge_3t,test,True,resencm_da5,43.3001,1531.8659,2.8266,1600.337,2.7057,66,40,10.5473,21.0207,0.4855,ventriclessynthseg,30.2109,13.0892,0.6977
sub-117,amsterdam_ge_3t,test,True,wmhsynthseg,51.7731,1531.8659,3.3797,1600.337,3.2351,16,11,50.9785,27.6093,0.5333,ventriclessynthseg,36.1983,15.5748,0.6992
sub-118,amsterdam_ge_3t,test,True,O1,2.4153,1419.5163,0.1702,1492.944,0.1618,57,37,17.5788,0.436,0.1805,ventriclessynthseg,1.4555,0.9598,0.6026
sub-118,amsterdam_ge_3t,test,True,resencm,1.7508,1419.5163,0.1233,1492.944,0.1173,47,29,17.5788,0.45,0.257,ventriclessynthseg,1.0864,0.6645,0.6205
sub-118,amsterdam_ge_3t,test,True,threshold,1.9864,1419.5163,0.1399,1492.944,0.1331,10,10,98.4413,0.7489,0.377,ventriclessynthseg,1.7051,0.2813,0.8584
sub-118,amsterdam_ge_3t,test,True,resencm_da5,1.6278,1419.5163,0.1147,1492.944,0.109,49,31,14.063,0.3762,0.2311,ventriclessynthseg,1.0196,0.6082,0.6263
sub-118,amsterdam_ge_3t,test,True,wmhsynthseg,16.8229,1419.5163,1.1851,1492.944,1.1268,19,17,140.6304,4.8728,0.2897,ventriclessynthseg,15.5256,1.2973,0.9229
sub-119,amsterdam_ge_3t,test,True,O1,39.2675,1358.662,2.8902,1424.276,2.757,45,35,17.5788,19.8219,0.5048,ventriclessynthseg,34.9572,4.3103,0.8902
sub-119,amsterdam_ge_3t,test,True,resencm,36.9471,1358.662,2.7194,1424.276,2.5941,45,27,10.5473,18.9851,0.5138,ventriclessynthseg,33.2802,3.6669,0.9008
sub-119,amsterdam_ge_3t,test,True,threshold,32.3063,1358.662,2.3778,1424.276,2.2683,8,8,321.692,15.8842,0.4917,ventriclessynthseg,30.682,1.6243,0.9497
sub-119,amsterdam_ge_3t,test,True,resencm_da5,36.0682,1358.662,2.6547,1424.276,2.5324,39,30,14.063,18.5351,0.5139,ventriclessynthseg,32.3802,3.688,0.8977
sub-119,amsterdam_ge_3t,test,True,wmhsynthseg,40.041,1358.662,2.9471,1424.276,2.8113,20,15,31.6418,19.8816,0.4965,ventriclessynthseg,36.2088,3.8322,0.9043
sub-120,amsterdam_ge_3t,test,True,O1,6.2967,1478.8166,0.4258,1539.81,0.4089,75,59,21.0946,0.9141,0.1452,ventriclessynthseg,3.7794,2.5173,0.6002
sub-120,amsterdam_ge_3t,test,True,resencm,6.1702,1478.8166,0.4172,1539.81,0.4007,67,53,21.0946,1.1461,0.1858,ventriclessynthseg,3.6986,2.4716,0.5994
sub-120,amsterdam_ge_3t,test,True,threshold,4.8447,1478.8166,0.3276,1539.81,0.3146,21,21,116.0201,1.2516,0.2583,ventriclessynthseg,4.0888,0.7559,0.844
sub-120,amsterdam_ge_3t,test,True,resencm_da5,5.0838,1478.8166,0.3438,1539.81,0.3302,72,49,14.063,0.9809,0.1929,ventriclessynthseg,3.0622,2.0216,0.6024
sub-120,amsterdam_ge_3t,test,True,wmhsynthseg,21.2,1478.8166,1.4336,1539.81,1.3768,30,24,121.2937,5.0381,0.2376,ventriclessynthseg,16.612,4.5881,0.7836
sub-121,amsterdam_ge_3t,test,True,O1,9.6613,1432.4718,0.6745,1486.899,0.6498,38,32,21.0946,4.5072,0.4665,ventriclessynthseg,8.4062,1.2551,0.8701
sub-121,amsterdam_ge_3t,test,True,resencm,10.4734,1432.4718,0.7311,1486.899,0.7044,29,23,17.5788,5.3826,0.5139,ventriclessynthseg,9.5418,0.9317,0.911
sub-121,amsterdam_ge_3t,test,True,threshold,11.8376,1432.4718,0.8264,1486.899,0.7961,16,16,108.9886,6.0014,0.507,ventriclessynthseg,11.0008,0.8368,0.9293
sub-121,amsterdam_ge_3t,test,True,resencm_da5,9.0671,1432.4718,0.633,1486.899,0.6098,28,18,14.063,5.0486,0.5568,ventriclessynthseg,8.146,0.9211,0.8984
sub-121,amsterdam_ge_3t,test,True,wmhsynthseg,21.0172,1432.4718,1.4672,1486.899,1.4135,15,9,10.5473,12.0098,0.5714,ventriclessynthseg,19.6566,1.3606,0.9353
sub-122,amsterdam_ge_3t,test,True,O1,3.3786,1307.4198,0.2584,1375.466,0.2456,26,17,21.0946,1.2059,0.3569,ventriclessynthseg,3.3576,0.0211,0.9938
sub-122,amsterdam_ge_3t,test,True,resencm,3.5931,1307.4198,0.2748,1375.466,0.2612,20,14,24.6103,1.5821,0.4403,ventriclessynthseg,3.5579,0.0352,0.9902
sub-122,amsterdam_ge_3t,test,True,threshold,7.5554,1307.4198,0.5779,1375.466,0.5493,11,11,189.851,2.3802,0.315,ventriclessynthseg,7.4675,0.0879,0.9884
sub-122,amsterdam_ge_3t,test,True,resencm_da5,3.2099,1307.4198,0.2455,1375.466,0.2334,19,15,28.1261,1.3641,0.425,ventriclessynthseg,3.1642,0.0457,0.9858
sub-122,amsterdam_ge_3t,test,True,wmhsynthseg,22.5536,1307.4198,1.725,1375.466,1.6397,11,9,17.5788,12.8853,0.5713,ventriclessynthseg,19.9871,2.5665,0.8862
sub-123,amsterdam_ge_3t,test,True,O1,1.9512,1556.4973,0.1254,1611.601,0.1211,19,17,21.0946,0.6469,0.3315,ventriclessynthseg,1.9407,0.0105,0.9946
sub-123,amsterdam_ge_3t,test,True,resencm,0.7383,1556.4973,0.0474,1611.601,0.0458,18,12,14.063,0.2848,0.3857,ventriclessynthseg,0.7383,0.0,1.0
sub-123,amsterdam_ge_3t,test,True,threshold,2.4153,1556.4973,0.1552,1611.601,0.1499,15,15,91.4098,0.5836,0.2416,ventriclessynthseg,1.561,0.8543,0.6463
sub-123,amsterdam_ge_3t,test,True,resencm_da5,0.7453,1556.4973,0.0479,1611.601,0.0462,17,8,7.0315,0.2953,0.3962,ventriclessynthseg,0.7453,0.0,1.0
sub-123,amsterdam_ge_3t,test,True,wmhsynthseg,21.5797,1556.4973,1.3864,1611.601,1.339,12,10,66.7994,11.0219,0.5108,ventriclessynthseg,18.5808,2.9989,0.861
sub-124,amsterdam_ge_3t,test,True,O1,3.2978,1599.2138,0.2062,1683.038,0.1959,32,24,17.5788,0.5274,0.1599,ventriclessynthseg,2.9849,0.3129,0.9051
sub-124,amsterdam_ge_3t,test,True,resencm,3.4806,1599.2138,0.2176,1683.038,0.2068,27,23,52.7364,0.5625,0.1616,ventriclessynthseg,3.1818,0.2988,0.9141
sub-124,amsterdam_ge_3t,test,True,threshold,8.4765,1599.2138,0.53,1683.038,0.5036,31,31,147.6619,1.3676,0.1613,ventriclessynthseg,6.8557,1.6208,0.8088
sub-124,amsterdam_ge_3t,test,True,resencm_da5,3.2591,1599.2138,0.2038,1683.038,0.1936,28,23,36.9155,0.4711,0.1446,ventriclessynthseg,2.9638,0.2953,0.9094
sub-124,amsterdam_ge_3t,test,True,wmhsynthseg,22.4763,1599.2138,1.4055,1683.038,1.3355,13,12,38.6734,11.1555,0.4963,ventriclessynthseg,18.9007,3.5755,0.8409
sub-125,amsterdam_ge_3t,test,True,O1,0.8192,1167.4185,0.0702,1220.943,0.0671,12,9,19.337,0.3867,0.4721,ventriclessynthseg,0.8192,0.0,1.0
sub-125,amsterdam_ge_3t,test,True,resencm,0.8719,1167.4185,0.0747,1220.943,0.0714,9,8,21.0949,0.3586,0.4113,ventriclessynthseg,0.8719,0.0,1.0
sub-125,amsterdam_ge_3t,test,True,threshold,1.5716,1167.4185,0.1346,1220.943,0.1287,11,11,70.3162,0.4852,0.3087,ventriclessynthseg,1.4309,0.1406,0.9105
sub-125,amsterdam_ge_3t,test,True,resencm_da5,0.8438,1167.4185,0.0723,1220.943,0.0691,9,8,21.0949,0.3305,0.3917,ventriclessynthseg,0.8438,0.0,1.0
sub-125,amsterdam_ge_3t,test,True,wmhsynthseg,5.7448,1167.4185,0.4921,1220.943,0.4705,15,13,200.4013,1.8353,0.3195,ventriclessynthseg,5.2737,0.4711,0.918
sub-126,amsterdam_ge_3t,training,True,O1,16.6155,1752.9615,0.9479,1806.559,0.9197,47,41,24.6103,7.3409,0.4418,ventriclessynthseg,14.0841,2.5313,0.8477
sub-126,amsterdam_ge_3t,training,True,O3,16.5065,1752.9615,0.9416,1806.559,0.9137,21,17,24.6103,6.6835,0.4049,ventriclessynthseg,14.5939,1.9126,0.8841
sub-126,amsterdam_ge_3t,training,True,O4,14.0033,1752.9615,0.7988,1806.559,0.7751,22,20,31.6418,6.3424,0.4529,ventriclessynthseg,12.4177,1.5856,0.8868
sub-127,amsterdam_ge_3t,test,True,O1,3.4525,1419.685,0.2432,1423.696,0.2425,20,16,31.6418,1.7157,0.4969,ventriclessynthseg,3.3576,0.0949,0.9725
sub-127,amsterdam_ge_3t,test,True,resencm,4.0994,1419.685,0.2888,1423.696,0.2879,20,16,21.0946,1.9196,0.4683,ventriclessynthseg,3.9693,0.1301,0.9683
sub-127,amsterdam_ge_3t,test,True,threshold,8.2866,1419.685,0.5837,1423.696,0.5821,14,14,94.9255,2.6439,0.319,ventriclessynthseg,7.8261,0.4606,0.9444
sub-127,amsterdam_ge_3t,test,True,resencm_da5,4.0291,1419.685,0.2838,1423.696,0.283,23,17,28.1261,1.8282,0.4538,ventriclessynthseg,3.8709,0.1582,0.9607
sub-127,amsterdam_ge_3t,test,True,wmhsynthseg,28.9804,1419.685,2.0413,1423.696,2.0356,8,7,86.1361,14.3759,0.4961,ventriclessynthseg,26.8463,2.1341,0.9264
sub-128,amsterdam_ge_3t,test,True,O1,54.2306,1578.9243,3.4347,1678.798,3.2303,124,89,17.5788,27.6163,0.5092,ventriclessynthseg,37.5132,16.7174,0.6917
sub-128,amsterdam_ge_3t,test,True,resencm,60.5379,1578.9243,3.8341,1678.798,3.606,98,66,15.8209,33.913,0.5602,ventriclessynthseg,44.0701,16.4678,0.728
sub-128,amsterdam_ge_3t,test,True,threshold,54.3888,1578.9243,3.4447,1678.798,3.2397,33,33,80.8625,28.8574,0.5306,ventriclessynthseg,43.715,10.6738,0.8037
sub-128,amsterdam_ge_3t,test,True,resencm_da5,61.5785,1578.9243,3.9,1678.798,3.668,102,73,17.5788,33.8181,0.5492,ventriclessynthseg,45.0334,16.5452,0.7313
sub-128,amsterdam_ge_3t,test,True,wmhsynthseg,60.0422,1578.9243,3.8027,1678.798,3.5765,40,29,45.7049,30.8543,0.5139,ventriclessynthseg,44.3794,15.6627,0.7391
sub-129,amsterdam_ge_3t,test,True,O1,29.8207,1443.318,2.0661,1524.984,1.9555,103,71,14.063,12.5759,0.4217,ventriclessynthseg,26.551,3.2697,0.8904
sub-129,amsterdam_ge_3t,test,True,resencm,28.8925,1443.318,2.0018,1524.984,1.8946,102,69,14.063,13.4724,0.4663,ventriclessynthseg,25.7776,3.115,0.8922
sub-129,amsterdam_ge_3t,test,True,threshold,26.6917,1443.318,1.8493,1524.984,1.7503,28,28,130.0831,12.8571,0.4817,ventriclessynthseg,24.758,1.9337,0.9276
sub-129,amsterdam_ge_3t,test,True,resencm_da5,26.7127,1443.318,1.8508,1524.984,1.7517,100,62,14.063,12.386,0.4637,ventriclessynthseg,23.8509,2.8618,0.8929
sub-129,amsterdam_ge_3t,test,True,wmhsynthseg,31.0547,1443.318,2.1516,1524.984,2.0364,37,27,24.6103,14.2177,0.4578,ventriclessynthseg,28.8714,2.1833,0.9297
sub-130,amsterdam_ge_3t,test,True,O1,3.1958,1396.808,0.2288,1461.434,0.2187,87,44,10.5473,0.7664,0.2398,ventriclessynthseg,2.5243,0.6715,0.7899
sub-130,amsterdam_ge_3t,test,True,resencm,3.5966,1396.808,0.2575,1461.434,0.2461,73,47,14.063,0.77,0.2141,ventriclessynthseg,2.8583,0.7383,0.7947
sub-130,amsterdam_ge_3t,test,True,threshold,6.2229,1396.808,0.4455,1461.434,0.4258,31,31,91.4098,0.9844,0.1582,ventriclessynthseg,4.8728,1.3501,0.7831
sub-130,amsterdam_ge_3t,test,True,resencm_da5,3.2908,1396.808,0.2356,1461.434,0.2252,80,47,10.5473,0.7524,0.2286,ventriclessynthseg,2.6052,0.6856,0.7917
sub-130,amsterdam_ge_3t,test,True,wmhsynthseg,14.7908,1396.808,1.0589,1461.434,1.0121,23,17,42.1891,6.926,0.4683,ventriclessynthseg,10.7406,4.0502,0.7262
sub-131,amsterdam_ge_3t,test,True,O1,4.9111,1219.7757,0.4026,1267.272,0.3875,37,26,21.0928,1.0757,0.219,ventriclessynthseg,4.324,0.5871,0.8805
sub-131,amsterdam_ge_3t,test,True,resencm,5.7689,1219.7757,0.4729,1267.272,0.4552,46,28,10.5464,1.5468,0.2681,ventriclessynthseg,5.1045,0.6644,0.8848
sub-131,amsterdam_ge_3t,test,True,threshold,7.6286,1219.7757,0.6254,1267.272,0.602,20,20,84.3712,1.8175,0.2382,ventriclessynthseg,7.2665,0.3621,0.9525
sub-131,amsterdam_ge_3t,test,True,resencm_da5,5.1642,1219.7757,0.4234,1267.272,0.4075,42,23,10.5464,1.357,0.2628,ventriclessynthseg,4.5455,0.6187,0.8802
sub-131,amsterdam_ge_3t,test,True,wmhsynthseg,11.1897,1219.7757,0.9174,1267.272,0.883,20,11,19.3351,5.3084,0.4744,ventriclessynthseg,10.1667,1.023,0.9086
sub-132,amsterdam_ge_3t,training,True,O1,43.5286,1373.8958,3.1683,1426.191,3.0521,49,32,17.5788,21.636,0.4971,ventriclessynthseg,40.5578,2.9708,0.9318
sub-132,amsterdam_ge_3t,training,True,O3,40.5543,1373.8958,2.9518,1426.191,2.8435,36,31,26.3682,20.3105,0.5008,ventriclessynthseg,37.9175,2.6368,0.935
sub-132,amsterdam_ge_3t,training,True,O4,40.5156,1373.8958,2.949,1426.191,2.8408,54,40,17.5788,19.066,0.4706,ventriclessynthseg,37.5167,2.9989,0.926
sub-133,amsterdam_ge_3t,test,True,O1,6.4333,1440.3818,0.4466,1509.532,0.4262,47,38,17.5773,2.51,0.3902,ventriclessynthseg,6.0044,0.4289,0.9333
sub-133,amsterdam_ge_3t,test,True,resencm,8.8976,1440.3818,0.6177,1509.532,0.5894,41,29,24.6083,3.6139,0.4062,ventriclessynthseg,8.3809,0.5168,0.9419
sub-133,amsterdam_ge_3t,test,True,threshold,10.8136,1440.3818,0.7507,1509.532,0.7164,20,20,105.464,3.171,0.2932,ventriclessynthseg,9.7695,1.0441,0.9034
sub-133,amsterdam_ge_3t,test,True,resencm_da5,8.1172,1440.3818,0.5635,1509.532,0.5377,39,32,24.6083,3.8987,0.4803,ventriclessynthseg,7.6497,0.4676,0.9424
sub-133,amsterdam_ge_3t,test,True,wmhsynthseg,21.7853,1440.3818,1.5125,1509.532,1.4432,25,21,17.5773,9.1297,0.4191,ventriclessynthseg,18.7093,3.076,0.8588
sub-134,amsterdam_ge_3t,test,True,O1,14.3759,1517.4056,0.9474,1589.171,0.9046,64,53,21.0946,5.2244,0.3634,ventriclessynthseg,13.1665,1.2094,0.9159
sub-134,amsterdam_ge_3t,test,True,resencm,16.3377,1517.4056,1.0767,1589.171,1.0281,71,53,17.5788,5.8608,0.3587,ventriclessynthseg,14.942,1.3958,0.9146
sub-134,amsterdam_ge_3t,test,True,threshold,14.8681,1517.4056,0.9798,1589.171,0.9356,18,18,82.6204,5.1436,0.3459,ventriclessynthseg,14.2599,0.6082,0.9591
sub-134,amsterdam_ge_3t,test,True,resencm_da5,14.9209,1517.4056,0.9833,1589.171,0.9389,70,49,14.063,5.2701,0.3532,ventriclessynthseg,13.6763,1.2446,0.9166
sub-134,amsterdam_ge_3t,test,True,wmhsynthseg,29.2511,1517.4056,1.9277,1589.171,1.8407,17,15,49.2206,14.2002,0.4855,ventriclessynthseg,27.5143,1.7368,0.9406
sub-135,amsterdam_ge_3t,test,True,O1,51.425,1399.3006,3.6751,1474.034,3.4887,25,18,14.063,28.2456,0.5493,ventriclessynthseg,34.1662,17.2589,0.6644
sub-135,amsterdam_ge_3t,test,True,resencm,30.5941,1399.3006,2.1864,1474.034,2.0755,36,24,14.063,16.9108,0.5527,ventriclessynthseg,24.5224,6.0717,0.8015
sub-135,amsterdam_ge_3t,test,True,threshold,35.5479,1399.3006,2.5404,1474.034,2.4116,16,16,65.0416,33.6704,0.9472,ventriclessynthseg,30.3867,5.1611,0.8548
sub-135,amsterdam_ge_3t,test,True,resencm_da5,34.0501,1399.3006,2.4334,1474.034,2.31,35,20,10.5473,17.8214,0.5234,ventriclessynthseg,25.8971,8.153,0.7606
sub-135,amsterdam_ge_3t,test,True,wmhsynthseg,67.8507,1399.3006,4.8489,1474.034,4.6031,12,10,21.0946,36.3565,0.5358,ventriclessynthseg,42.488,25.3627,0.6262
sub-136,amsterdam_ge_3t,test,True,O1,1.1286,1427.5543,0.0791,1498.571,0.0753,17,14,21.0945,0.2988,0.2648,ventriclessynthseg,1.0512,0.0773,0.9315
sub-136,amsterdam_ge_3t,test,True,resencm,1.3079,1427.5543,0.0916,1498.571,0.0873,20,14,21.0945,0.3094,0.2366,ventriclessynthseg,1.2375,0.0703,0.9462
sub-136,amsterdam_ge_3t,test,True,threshold,3.0517,1427.5543,0.2138,1498.571,0.2036,20,20,79.1045,0.5766,0.1889,ventriclessynthseg,1.9301,1.1215,0.6325
sub-136,amsterdam_ge_3t,test,True,resencm_da5,1.2129,1427.5543,0.085,1498.571,0.0809,22,17,19.3366,0.2883,0.2377,ventriclessynthseg,1.1145,0.0984,0.9188
sub-136,amsterdam_ge_3t,test,True,wmhsynthseg,19.0694,1427.5543,1.3358,1498.571,1.2725,17,15,49.2206,5.4389,0.2852,ventriclessynthseg,15.9264,3.1431,0.8352
sub-137,amsterdam_ge_3t,training,True,O1,8.9722,1370.5874,0.6546,1422.902,0.6306,152,124,22.8524,1.2235,0.1364,ventriclessynthseg,5.2877,3.6845,0.5893
sub-137,amsterdam_ge_3t,training,True,O3,8.8386,1370.5874,0.6449,1422.902,0.6212,131,114,28.1261,0.9985,0.113,ventriclessynthseg,5.2701,3.5685,0.5963
sub-137,amsterdam_ge_3t,training,True,O4,8.6277,1370.5874,0.6295,1422.902,0.6063,134,111,28.1261,1.1145,0.1292,ventriclessynthseg,4.7533,3.8744,0.5509
sub-137,amsterdam_ge_3t,training,True,resencm,8.6699,1370.5874,0.6326,1422.902,0.6093,151,116,21.0946,1.0899,0.1257,ventriclessynthseg,5.0768,3.5931,0.5856
sub-138,amsterdam_ge_3t,test,True,O1,1.8809,1535.241,0.1225,1603.78,0.1173,39,28,17.5788,0.2496,0.1327,ventriclessynthseg,1.7719,0.109,0.9421
sub-138,amsterdam_ge_3t,test,True,resencm,1.888,1535.241,0.123,1603.78,0.1177,32,23,14.063,0.3481,0.1844,ventriclessynthseg,1.7614,0.1266,0.933
sub-138,amsterdam_ge_3t,test,True,threshold,4.0326,1535.241,0.2627,1603.78,0.2514,17,17,73.831,1.0512,0.2607,ventriclessynthseg,3.3118,0.7207,0.8213
sub-138,amsterdam_ge_3t,test,True,resencm_da5,1.5047,1535.241,0.098,1603.78,0.0938,30,23,17.5788,0.2602,0.1729,ventriclessynthseg,1.3887,0.116,0.9229
sub-138,amsterdam_ge_3t,test,True,wmhsynthseg,25.999,1535.241,1.6935,1603.78,1.6211,21,20,98.4413,12.0591,0.4638,ventriclessynthseg,21.1508,4.8482,0.8135
sub-139,amsterdam_ge_3t,test,True,O1,3.2943,1378.0584,0.2391,1459.185,0.2258,74,51,17.5788,0.3902,0.1185,ventriclessynthseg,2.5841,0.7102,0.7844
sub-139,amsterdam_ge_3t,test,True,resencm,3.2978,1378.0584,0.2393,1459.185,0.226,55,41,17.5788,0.6364,0.193,ventriclessynthseg,2.5665,0.7313,0.7783
sub-139,amsterdam_ge_3t,test,True,threshold,3.3189,1378.0584,0.2408,1459.185,0.2274,22,22,96.6834,0.4781,0.1441,ventriclessynthseg,2.9919,0.327,0.9015
sub-139,amsterdam_ge_3t,test,True,resencm_da5,2.8442,1378.0584,0.2064,1459.185,0.1949,53,39,14.063,0.4922,0.1731,ventriclessynthseg,2.2149,0.6293,0.7787
sub-139,amsterdam_ge_3t,test,True,wmhsynthseg,13.163,1378.0584,0.9552,1459.185,0.9021,29,26,94.9255,4.0923,0.3109,ventriclessynthseg,10.9938,2.1692,0.8352
sub-140,amsterdam_ge_3t,test,True,O1,13.3247,1395.4263,0.9549,1441.624,0.9243,37,25,17.5788,4.8904,0.367,ventriclessynthseg,12.7517,0.5731,0.957
sub-140,amsterdam_ge_3t,test,True,resencm,14.2318,1395.4263,1.0199,1441.624,0.9872,31,22,24.6103,4.908,0.3449,ventriclessynthseg,13.6165,0.6153,0.9568
sub-140,amsterdam_ge_3t,test,True,threshold,17.9972,1395.4263,1.2897,1441.624,1.2484,13,13,140.6304,10.0691,0.5595,ventriclessynthseg,17.3116,0.6856,0.9619
sub-140,amsterdam_ge_3t,test,True,resencm_da5,12.5442,1395.4263,0.899,1441.624,0.8701,37,24,17.5788,4.472,0.3565,ventriclessynthseg,11.9852,0.559,0.9554
sub-140,amsterdam_ge_3t,test,True,wmhsynthseg,24.1709,1395.4263,1.7321,1441.624,1.6766,16,11,26.3682,13.5146,0.5591,ventriclessynthseg,19.9801,4.1908,0.8266
sub-141,amsterdam_ge_3t,test,True,O1,1.9583,1416.0111,0.1383,1527.865,0.1282,27,19,14.063,0.4711,0.2406,ventriclessynthseg,1.8809,0.0773,0.9605
sub-141,amsterdam_ge_3t,test,True,resencm,1.4133,1416.0111,0.0998,1527.865,0.0925,16,12,36.9155,0.3867,0.2736,ventriclessynthseg,1.4098,0.0035,0.9975
sub-141,amsterdam_ge_3t,test,True,threshold,3.2732,1416.0111,0.2312,1527.865,0.2142,22,22,94.9255,0.5133,0.1568,ventriclessynthseg,2.8583,0.4149,0.8733
sub-141,amsterdam_ge_3t,test,True,resencm_da5,1.1602,1416.0111,0.0819,1527.865,0.0759,10,10,93.1676,0.3551,0.3061,ventriclessynthseg,1.1602,0.0,1.0
sub-141,amsterdam_ge_3t,test,True,wmhsynthseg,31.4625,1416.0111,2.2219,1527.865,2.0592,14,11,43.947,15.385,0.489,ventriclessynthseg,23.415,8.0476,0.7442
sub-142,amsterdam_ge_3t,test,True,O1,26.5159,1743.3529,1.521,1813.029,1.4625,50,36,17.5788,11.8833,0.4482,ventriclessynthseg,24.7931,1.7227,0.935
sub-142,amsterdam_ge_3t,test,True,resencm,31.4555,1743.3529,1.8043,1813.029,1.735,44,31,21.0946,14.724,0.4681,ventriclessynthseg,29.2089,2.2466,0.9286
sub-142,amsterdam_ge_3t,test,True,threshold,24.7615,1743.3529,1.4203,1813.029,1.3658,16,16,117.778,11.6055,0.4687,ventriclessynthseg,23.7103,1.0512,0.9575
sub-142,amsterdam_ge_3t,test,True,resencm_da5,30.2883,1743.3529,1.7374,1813.029,1.6706,40,27,19.3367,14.5025,0.4788,ventriclessynthseg,28.0804,2.2079,0.9271
sub-142,amsterdam_ge_3t,test,True,wmhsynthseg,54.5189,1743.3529,3.1272,1813.029,3.0071,15,8,49.2206,27.9011,0.5118,ventriclessynthseg,51.7977,2.7212,0.9501
sub-143,amsterdam_ge_3t,test,True,O1,10.9305,1235.4276,0.8848,1305.043,0.8376,49,36,14.063,6.3108,0.5774,ventriclessynthseg,10.5754,0.3551,0.9675
sub-143,amsterdam_ge_3t,test,True,resencm,12.2806,1235.4276,0.994,1305.043,0.941,38,29,21.0946,7.2671,0.5918,ventriclessynthseg,11.9325,0.3481,0.9717
sub-143,amsterdam_ge_3t,test,True,threshold,10.6035,1235.4276,0.8583,1305.043,0.8125,11,11,214.4614,6.0049,0.5663,ventriclessynthseg,10.5684,0.0352,0.9967
sub-143,amsterdam_ge_3t,test,True,resencm_da5,11.5247,1235.4276,0.9328,1305.043,0.8831,41,27,14.063,6.9577,0.6037,ventriclessynthseg,11.1907,0.334,0.971
sub-143,amsterdam_ge_3t,test,True,wmhsynthseg,18.8339,1235.4276,1.5245,1305.043,1.4432,18,12,14.063,10.252,0.5443,ventriclessynthseg,18.5421,0.2918,0.9845
sub-144,amsterdam_ge_3t,training,True,O1,2.222,1376.9158,0.1614,1413.785,0.1572,82,50,14.063,0.2391,0.1076,ventriclessynthseg,1.1883,1.0336,0.5348
sub-144,amsterdam_ge_3t,training,True,O3,2.8021,1376.9158,0.2035,1413.785,0.1982,54,47,22.8524,0.4184,0.1493,ventriclessynthseg,1.6208,1.1813,0.5784
sub-144,amsterdam_ge_3t,training,True,O4,2.4399,1376.9158,0.1772,1413.785,0.1726,61,48,21.0946,0.3094,0.1268,ventriclessynthseg,1.4379,1.002,0.5893
sub-145,amsterdam_ge_3t,test,True,O1,11.5387,1205.6491,0.9571,1271.296,0.9076,123,79,14.063,2.222,0.1926,ventriclessynthseg,8.2269,3.3118,0.713
sub-145,amsterdam_ge_3t,test,True,resencm,13.2193,1205.6491,1.0964,1271.296,1.0398,105,74,17.5788,4.4896,0.3396,ventriclessynthseg,9.0461,4.1732,0.6843
sub-145,amsterdam_ge_3t,test,True,threshold,13.4372,1205.6491,1.1145,1271.296,1.057,28,28,80.8625,5.2701,0.3922,ventriclessynthseg,11.1274,2.3099,0.8281
sub-145,amsterdam_ge_3t,test,True,resencm_da5,12.7763,1205.6491,1.0597,1271.296,1.005,101,67,14.063,4.3877,0.3434,ventriclessynthseg,8.7789,3.9974,0.6871
sub-145,amsterdam_ge_3t,test,True,wmhsynthseg,20.8274,1205.6491,1.7275,1271.296,1.6383,31,26,80.8625,10.0797,0.484,ventriclessynthseg,16.7139,4.1134,0.8025
sub-146,amsterdam_ge_3t,test,True,O1,7.2354,1415.7509,0.5111,1497.321,0.4832,103,69,14.063,1.6419,0.2269,ventriclessynthseg,6.2651,0.9703,0.8659
sub-146,amsterdam_ge_3t,test,True,resencm,8.1109,1415.7509,0.5729,1497.321,0.5417,78,57,14.063,2.0954,0.2583,ventriclessynthseg,7.1722,0.9387,0.8843
sub-146,amsterdam_ge_3t,test,True,threshold,5.8959,1415.7509,0.4165,1497.321,0.3938,20,20,94.9255,2.004,0.3399,ventriclessynthseg,5.7412,0.1547,0.9738
sub-146,amsterdam_ge_3t,test,True,resencm_da5,7.2319,1415.7509,0.5108,1497.321,0.483,80,58,14.063,1.6102,0.2227,ventriclessynthseg,6.3178,0.9141,0.8736
sub-146,amsterdam_ge_3t,test,True,wmhsynthseg,23.5943,1415.7509,1.6666,1497.321,1.5758,15,12,45.7049,11.9395,0.506,ventriclessynthseg,22.1458,1.4485,0.9386
sub-147,amsterdam_ge_3t,test,True,O1,7.5589,1231.5462,0.6138,1312.011,0.5761,124,92,19.3367,0.9457,0.1251,ventriclessynthseg,6.3038,1.2551,0.834
sub-147,amsterdam_ge_3t,test,True,resencm,8.3429,1231.5462,0.6774,1312.011,0.6359,117,93,21.0946,1.2551,0.1504,ventriclessynthseg,6.9014,1.4415,0.8272
sub-147,amsterdam_ge_3t,test,True,threshold,11.5317,1231.5462,0.9364,1312.011,0.8789,38,38,108.9886,2.2044,0.1912,ventriclessynthseg,10.3152,1.2165,0.8945
sub-147,amsterdam_ge_3t,test,True,resencm_da5,8.4167,1231.5462,0.6834,1312.011,0.6415,119,91,21.0946,1.2446,0.1479,ventriclessynthseg,7.028,1.3887,0.835
sub-147,amsterdam_ge_3t,test,True,wmhsynthseg,16.2112,1231.5462,1.3163,1312.011,1.2356,36,27,38.6734,5.7869,0.357,ventriclessynthseg,15.0721,1.1391,0.9297
sub-148,amsterdam_ge_3t,test,True,O1,12.7903,1367.4584,0.9353,1447.643,0.8835,31,24,21.0946,4.1943,0.3279,ventriclessynthseg,12.2946,0.4957,0.9612
sub-148,amsterdam_ge_3t,test,True,resencm,15.9264,1367.4584,1.1647,1447.643,1.1002,23,19,21.0946,5.017,0.315,ventriclessynthseg,15.2689,0.6574,0.9587
sub-148,amsterdam_ge_3t,test,True,threshold,18.7214,1367.4584,1.3691,1447.643,1.2932,16,16,94.9255,11.2047,0.5985,ventriclessynthseg,18.0007,0.7207,0.9615
sub-148,amsterdam_ge_3t,test,True,resencm_da5,14.5869,1367.4584,1.0667,1447.643,1.0076,24,18,15.8209,4.5705,0.3133,ventriclessynthseg,13.9611,0.6258,0.9571
sub-148,amsterdam_ge_3t,test,True,wmhsynthseg,27.8483,1367.4584,2.0365,1447.643,1.9237,7,5,193.3668,13.9998,0.5027,ventriclessynthseg,25.2467,2.6017,0.9066
sub-149,amsterdam_ge_3t,test,True,O1,6.0119,1368.7241,0.4392,1440.179,0.4174,76,51,14.063,2.4224,0.4029,ventriclessynthseg,4.8096,1.2024,0.8
sub-149,amsterdam_ge_3t,test,True,resencm,7.6608,1368.7241,0.5597,1440.179,0.5319,74,54,14.063,2.7739,0.3621,ventriclessynthseg,5.9452,1.7157,0.776
sub-149,amsterdam_ge_3t,test,True,threshold,10.8742,1368.7241,0.7945,1440.179,0.7551,26,26,119.5358,4.3877,0.4035,ventriclessynthseg,9.3906,1.4837,0.8636
sub-149,amsterdam_ge_3t,test,True,resencm_da5,7.1475,1368.7241,0.5222,1440.179,0.4963,79,54,14.063,2.6228,0.3669,ventriclessynthseg,5.5514,1.5962,0.7767
sub-149,amsterdam_ge_3t,test,True,wmhsynthseg,32.9497,1368.7241,2.4073,1440.179,2.2879,24,16,24.6103,16.6155,0.5043,ventriclessynthseg,21.7098,11.2399,0.6589
sub-150,amsterdam_ge_1p5t,test,False,O1,4.5716,1213.8797,0.3766,1339.915,0.3412,42,29,18.8907,1.1146,0.2438,ventriclessynthseg,4.0568,0.5148,0.8874
sub-150,amsterdam_ge_1p5t,test,False,resencm,5.0816,1213.8797,0.4186,1339.915,0.3792,43,28,14.168,1.2751,0.2509,ventriclessynthseg,4.5999,0.4817,0.9052
sub-150,amsterdam_ge_1p5t,test,False,threshold,6.5929,1213.8797,0.5431,1339.915,0.492,13,13,292.8061,2.1394,0.3245,ventriclessynthseg,6.1867,0.4062,0.9384
sub-150,amsterdam_ge_1p5t,test,False,resencm_da5,4.3874,1213.8797,0.3614,1339.915,0.3274,42,22,14.168,1.0532,0.24,ventriclessynthseg,3.9718,0.4156,0.9053
sub-150,amsterdam_ge_1p5t,test,False,wmhsynthseg,10.2482,1213.8797,0.8443,1339.915,0.7648,20,15,30.6974,3.3012,0.3221,ventriclessynthseg,9.4595,0.7887,0.923
sub-151,amsterdam_ge_1p5t,test,False,O1,69.2376,1313.1443,5.2727,1403.32,4.9338,112,70,18.889,33.9105,0.4898,ventriclessynthseg,45.3242,23.9135,0.6546
sub-151,amsterdam_ge_1p5t,test,False,resencm,66.4279,1313.1443,5.0587,1403.32,4.7336,102,59,14.1667,32.4607,0.4887,ventriclessynthseg,42.5333,23.8946,0.6403
sub-151,amsterdam_ge_1p5t,test,False,threshold,51.9447,1313.1443,3.9558,1403.32,3.7016,24,24,106.2506,25.4104,0.4892,ventriclessynthseg,36.706,15.2387,0.7066
sub-151,amsterdam_ge_1p5t,test,False,resencm_da5,66.9568,1313.1443,5.099,1403.32,4.7713,106,49,9.4445,33.4383,0.4994,ventriclessynthseg,43.4825,23.4743,0.6494
sub-151,amsterdam_ge_1p5t,test,False,wmhsynthseg,54.0414,1313.1443,4.1154,1403.32,3.851,16,10,30.6946,29.2118,0.5405,ventriclessynthseg,45.6736,8.3678,0.8452
sub-152,amsterdam_ge_1p5t,test,False,O1,8.4678,1196.2909,0.7078,1282.588,0.6602,53,37,23.6136,1.9788,0.2337,ventriclessynthseg,5.4972,2.9706,0.6492
sub-152,amsterdam_ge_1p5t,test,False,resencm,9.3651,1196.2909,0.7828,1282.588,0.7302,47,37,23.6136,2.2905,0.2446,ventriclessynthseg,5.9412,3.424,0.6344
sub-152,amsterdam_ge_1p5t,test,False,threshold,8.7276,1196.2909,0.7296,1282.588,0.6805,16,16,181.8244,2.3094,0.2646,ventriclessynthseg,6.3284,2.3991,0.7251
sub-152,amsterdam_ge_1p5t,test,False,resencm_da5,8.8315,1196.2909,0.7382,1282.588,0.6886,51,32,18.8908,2.1583,0.2444,ventriclessynthseg,5.5964,3.2351,0.6337
sub-152,amsterdam_ge_1p5t,test,False,wmhsynthseg,19.0467,1196.2909,1.5921,1282.588,1.485,16,12,77.9247,9.5777,0.5029,ventriclessynthseg,16.9167,2.1299,0.8882
sub-153,amsterdam_ge_1p5t,test,False,O1,0.8547,1448.8822,0.059,1571.413,0.0544,21,12,23.6117,0.1889,0.221,ventriclessynthseg,0.8075,0.0472,0.9448
sub-153,amsterdam_ge_1p5t,test,False,resencm,0.9964,1448.8822,0.0688,1571.413,0.0634,30,17,14.167,0.2314,0.2322,ventriclessynthseg,0.9681,0.0283,0.9716
sub-153,amsterdam_ge_1p5t,test,False,threshold,0.4864,1448.8822,0.0336,1571.413,0.031,3,3,141.6704,0.2928,0.6019,ventriclessynthseg,0.4864,0.0,1.0
sub-153,amsterdam_ge_1p5t,test,False,resencm_da5,0.9397,1448.8822,0.0649,1571.413,0.0598,28,15,14.167,0.1983,0.2111,ventriclessynthseg,0.9114,0.0283,0.9698
sub-153,amsterdam_ge_1p5t,test,False,wmhsynthseg,29.458,1448.8822,2.0332,1571.413,1.8746,10,5,16.5282,15.8813,0.5391,ventriclessynthseg,28.1027,1.3553,0.954
sub-154,amsterdam_ge_1p5t,test,False,O1,13.0726,1453.6295,0.8993,1577.532,0.8287,42,27,18.891,7.3108,0.5592,ventriclessynthseg,12.69,0.3825,0.9707
sub-154,amsterdam_ge_1p5t,test,False,resencm,14.343,1453.6295,0.9867,1577.532,0.9092,46,30,18.891,8.1845,0.5706,ventriclessynthseg,13.9274,0.4156,0.971
sub-154,amsterdam_ge_1p5t,test,False,threshold,15.0986,1453.6295,1.0387,1577.532,0.9571,12,12,94.455,8.364,0.554,ventriclessynthseg,14.8531,0.2456,0.9837
sub-154,amsterdam_ge_1p5t,test,False,resencm_da5,13.5637,1453.6295,0.9331,1577.532,0.8598,44,30,21.2524,7.887,0.5815,ventriclessynthseg,13.2095,0.3542,0.9739
sub-154,amsterdam_ge_1p5t,test,False,wmhsynthseg,22.9148,1453.6295,1.5764,1577.532,1.4526,15,13,85.0095,12.2225,0.5334,ventriclessynthseg,21.8191,1.0957,0.9522
sub-155,amsterdam_ge_1p5t,test,False,O1,19.7466,1744.6824,1.1318,1841.023,1.0726,139,96,18.8918,5.9415,0.3009,ventriclessynthseg,17.7724,1.9742,0.9
sub-155,amsterdam_ge_1p5t,test,False,resencm,23.7611,1744.6824,1.3619,1841.023,1.2906,136,89,18.8918,8.2793,0.3484,ventriclessynthseg,21.5744,2.1867,0.908
sub-155,amsterdam_ge_1p5t,test,False,threshold,22.5945,1744.6824,1.2951,1841.023,1.2273,37,37,127.5194,7.3914,0.3271,ventriclessynthseg,21.6122,0.9824,0.9565
sub-155,amsterdam_ge_1p5t,test,False,resencm_da5,22.075,1744.6824,1.2653,1841.023,1.1991,139,74,14.1688,8.0998,0.3669,ventriclessynthseg,20.2142,1.8608,0.9157
sub-155,amsterdam_ge_1p5t,test,False,wmhsynthseg,27.8606,1744.6824,1.5969,1841.023,1.5133,65,44,37.7835,12.0388,0.4321,ventriclessynthseg,24.4837,3.3769,0.8788
sub-156,amsterdam_ge_1p5t,test,False,O1,2.3425,1410.4233,0.1661,1566.724,0.1495,35,21,18.8908,0.5101,0.2177,ventriclessynthseg,2.0213,0.3211,0.8629
sub-156,amsterdam_ge_1p5t,test,False,resencm,2.7486,1410.4233,0.1949,1566.724,0.1754,32,16,11.8068,0.6848,0.2491,ventriclessynthseg,2.5314,0.2172,0.921
sub-156,amsterdam_ge_1p5t,test,False,threshold,3.1737,1410.4233,0.225,1566.724,0.2026,12,12,94.4542,1.2185,0.3839,ventriclessynthseg,3.0981,0.0756,0.9762
sub-156,amsterdam_ge_1p5t,test,False,resencm_da5,2.3189,1410.4233,0.1644,1566.724,0.148,30,14,9.4454,0.5101,0.22,ventriclessynthseg,2.1536,0.1653,0.9287
sub-156,amsterdam_ge_1p5t,test,False,wmhsynthseg,16.879,1410.4233,1.1967,1566.724,1.0773,12,9,85.0088,8.4064,0.498,ventriclessynthseg,15.4999,1.379,0.9183
sub-157,amsterdam_ge_1p5t,test,False,O1,0.902,1100.094,0.082,1195.755,0.0754,22,12,16.5295,0.2125,0.2356,ventriclessynthseg,0.784,0.1181,0.8691
sub-157,amsterdam_ge_1p5t,test,False,resencm,0.9682,1100.094,0.088,1195.755,0.081,18,13,23.6136,0.222,0.2293,ventriclessynthseg,0.8501,0.1181,0.878
sub-157,amsterdam_ge_1p5t,test,False,threshold,1.4829,1100.094,0.1348,1195.755,0.124,13,13,113.3451,0.2125,0.1433,ventriclessynthseg,1.209,0.2739,0.8153
sub-157,amsterdam_ge_1p5t,test,False,resencm_da5,0.8784,1100.094,0.0798,1195.755,0.0735,18,11,28.3363,0.222,0.2527,ventriclessynthseg,0.7792,0.0992,0.8871
sub-157,amsterdam_ge_1p5t,test,False,wmhsynthseg,7.2116,1100.094,0.6555,1195.755,0.6031,14,11,61.3952,2.2338,0.3098,ventriclessynthseg,6.2765,0.9351,0.8703
sub-158,amsterdam_ge_1p5t,test,False,O1,8.5286,1129.6468,0.755,1239.284,0.6882,146,99,18.8894,0.9492,0.1113,ventriclessynthseg,6.7057,1.8228,0.7863
sub-158,amsterdam_ge_1p5t,test,False,resencm,9.5533,1129.6468,0.8457,1239.284,0.7709,145,101,18.8894,1.105,0.1157,ventriclessynthseg,7.5983,1.9551,0.7954
sub-158,amsterdam_ge_1p5t,test,False,threshold,6.1343,1129.6468,0.543,1239.284,0.495,34,34,82.6411,1.105,0.1801,ventriclessynthseg,5.5865,0.5478,0.9107
sub-158,amsterdam_ge_1p5t,test,False,resencm_da5,8.5852,1129.6468,0.76,1239.284,0.6928,154,95,16.5282,1.02,0.1188,ventriclessynthseg,6.8852,1.7,0.802
sub-158,amsterdam_ge_1p5t,test,False,wmhsynthseg,9.9122,1129.6468,0.8775,1239.284,0.7998,53,39,33.0564,2.2714,0.2292,ventriclessynthseg,8.538,1.3742,0.8614
sub-159,amsterdam_ge_1p5t,test,False,O1,31.6822,1583.5966,2.0007,1751.522,1.8088,119,92,28.3341,10.7339,0.3388,ventriclessynthseg,17.4207,14.2615,0.5499
sub-159,amsterdam_ge_1p5t,test,False,resencm,33.2925,1583.5966,2.1023,1751.522,1.9008,117,88,18.8894,11.2581,0.3382,ventriclessynthseg,18.1858,15.1068,0.5462
sub-159,amsterdam_ge_1p5t,test,False,threshold,16.0607,1583.5966,1.0142,1751.522,0.917,34,34,153.4763,3.2868,0.2046,ventriclessynthseg,9.865,6.1957,0.6142
sub-159,amsterdam_ge_1p5t,test,False,resencm_da5,34.0623,1583.5966,2.1509,1751.522,1.9447,124,78,18.8894,11.617,0.3411,ventriclessynthseg,18.7241,15.3382,0.5497
sub-159,amsterdam_ge_1p5t,test,False,wmhsynthseg,48.3096,1583.5966,3.0506,1751.522,2.7582,46,33,33.0564,23.1112,0.4784,ventriclessynthseg,37.7835,10.5261,0.7821
sub-160,amsterdam_philips_3t,test,False,O1,45.0518,1684.8068,2.674,1805.684,2.495,97,54,12.2499,23.4691,0.5209,ventriclessynthseg,28.5669,16.4849,0.6341
sub-160,amsterdam_philips_3t,test,False,resencm,52.358,1684.8068,3.1077,1805.684,2.8996,62,39,13.9999,27.6726,0.5285,ventriclessynthseg,32.9034,19.4547,0.6284
sub-160,amsterdam_philips_3t,test,False,threshold,33.3374,1684.8068,1.9787,1805.684,1.8462,19,14,47.2498,17.0047,0.5101,ventriclessynthseg,24.1254,9.212,0.7237
sub-160,amsterdam_philips_3t,test,False,resencm_da5,48.228,1684.8068,2.8625,1805.684,2.6709,69,34,8.75,25.6969,0.5328,ventriclessynthseg,30.9924,17.2357,0.6426
sub-160,amsterdam_philips_3t,test,False,wmhsynthseg,55.9105,1684.8068,3.3185,1805.684,3.0964,33,23,17.4999,29.9074,0.5349,ventriclessynthseg,34.4556,21.4549,0.6163
sub-161,amsterdam_philips_3t,test,False,O1,11.7477,1439.6224,0.816,1494.632,0.786,93,62,17.4999,2.4535,0.2088,ventriclessynthseg,10.318,1.4297,0.8783
sub-161,amsterdam_philips_3t,test,False,resencm,15.0149,1439.6224,1.043,1494.632,1.0046,79,51,15.7499,3.4387,0.229,ventriclessynthseg,13.2982,1.7167,0.8857
sub-161,amsterdam_philips_3t,test,False,threshold,7.6562,1439.6224,0.5318,1494.632,0.5122,21,21,152.2493,1.4455,0.1888,ventriclessynthseg,7.245,0.4112,0.9463
sub-161,amsterdam_philips_3t,test,False,resencm_da5,12.3724,1439.6224,0.8594,1494.632,0.8278,91,54,12.2499,2.4675,0.1994,ventriclessynthseg,10.9567,1.4157,0.8856
sub-161,amsterdam_philips_3t,test,False,wmhsynthseg,17.9969,1439.6224,1.2501,1494.632,1.2041,34,24,102.3745,4.6602,0.2589,ventriclessynthseg,16.1454,1.8515,0.8971
sub-162,amsterdam_philips_3t,test,False,O1,5.7592,1162.5146,0.4954,1171.073,0.4918,90,54,13.9999,2.0772,0.3607,ventriclessynthseg,4.6445,1.1147,0.8064
sub-162,amsterdam_philips_3t,test,False,resencm,5.5405,1162.5146,0.4766,1171.073,0.4731,56,37,16.6249,1.3335,0.2407,ventriclessynthseg,4.6497,0.8907,0.8392
sub-162,amsterdam_philips_3t,test,False,threshold,5.8135,1162.5146,0.5001,1171.073,0.4964,20,20,64.7497,1.3387,0.2303,ventriclessynthseg,5.411,0.4025,0.9308
sub-162,amsterdam_philips_3t,test,False,resencm_da5,4.242,1162.5146,0.3649,1171.073,0.3622,60,30,11.3749,1.1322,0.2669,ventriclessynthseg,3.521,0.721,0.83
sub-162,amsterdam_philips_3t,test,False,wmhsynthseg,12.6577,1162.5146,1.0888,1171.073,1.0809,18,14,37.6248,6.0322,0.4766,ventriclessynthseg,11.2472,1.4105,0.8886
sub-163,amsterdam_philips_3t,test,False,O1,1.1428,1278.0302,0.0894,1311.985,0.0871,22,17,22.7502,0.2748,0.2404,ventriclessynthseg,1.099,0.0438,0.9617
sub-163,amsterdam_philips_3t,test,False,resencm,0.9398,1278.0302,0.0735,1311.985,0.0716,18,12,15.7502,0.2555,0.2719,ventriclessynthseg,0.882,0.0578,0.9385
sub-163,amsterdam_philips_3t,test,False,threshold,2.387,1278.0302,0.1868,1311.985,0.1819,15,15,66.5007,0.6528,0.2735,ventriclessynthseg,2.226,0.161,0.9326
sub-163,amsterdam_philips_3t,test,False,resencm_da5,0.8225,1278.0302,0.0644,1311.985,0.0627,15,9,21.0002,0.2573,0.3128,ventriclessynthseg,0.77,0.0525,0.9362
sub-163,amsterdam_philips_3t,test,False,wmhsynthseg,10.5929,1278.0302,0.8288,1311.985,0.8074,17,14,110.2512,3.8605,0.3644,ventriclessynthseg,9.2751,1.3178,0.8756
sub-164,amsterdam_philips_3t,test,False,O1,3.3897,1270.6904,0.2668,1327.815,0.2553,20,15,14.8749,1.3475,0.3975,ventriclessynthseg,3.3057,0.084,0.9752
sub-164,amsterdam_philips_3t,test,False,resencm,3.6662,1270.6904,0.2885,1327.815,0.2761,7,5,103.2495,1.7412,0.4749,ventriclessynthseg,3.6452,0.021,0.9943
sub-164,amsterdam_philips_3t,test,False,threshold,3.2935,1270.6904,0.2592,1327.815,0.248,7,7,428.7481,0.8837,0.2683,ventriclessynthseg,3.2935,0.0,1.0
sub-164,amsterdam_philips_3t,test,False,resencm_da5,2.8035,1270.6904,0.2206,1327.815,0.2111,8,5,53.3748,1.414,0.5044,ventriclessynthseg,2.765,0.0385,0.9863
sub-164,amsterdam_philips_3t,test,False,wmhsynthseg,8.0097,1270.6904,0.6303,1327.815,0.6032,12,6,12.2499,3.9392,0.4918,ventriclessynthseg,7.9905,0.0192,0.9976
sub-165,amsterdam_philips_3t,test,False,O1,3.9917,1241.553,0.3215,1279.912,0.3119,94,57,13.9999,0.3447,0.0864,ventriclessynthseg,2.6757,1.316,0.6703
sub-165,amsterdam_philips_3t,test,False,resencm,3.766,1241.553,0.3033,1279.912,0.2942,79,52,13.9999,0.6702,0.178,ventriclessynthseg,2.4902,1.2757,0.6612
sub-165,amsterdam_philips_3t,test,False,threshold,4.5867,1241.553,0.3694,1279.912,0.3584,37,37,85.7496,0.42,0.0916,ventriclessynthseg,3.7887,0.798,0.826
sub-165,amsterdam_philips_3t,test,False,resencm_da5,3.0572,1241.553,0.2462,1279.912,0.2389,84,45,10.5,0.2975,0.0973,ventriclessynthseg,2.0352,1.022,0.6657
sub-165,amsterdam_philips_3t,test,False,wmhsynthseg,5.7417,1241.553,0.4625,1279.912,0.4486,28,17,19.2499,2.765,0.4816,ventriclessynthseg,4.9455,0.7962,0.8613
sub-166,amsterdam_philips_3t,test,False,O1,9.506,1462.4913,0.65,1469.342,0.647,30,17,11.3749,3.0275,0.3185,ventriclessynthseg,9.3082,0.1977,0.9792
sub-166,amsterdam_philips_3t,test,False,resencm,11.5814,1462.4913,0.7919,1469.342,0.7882,28,16,14.8749,3.6697,0.3169,ventriclessynthseg,11.3067,0.2747,0.9763
sub-166,amsterdam_philips_3t,test,False,threshold,11.9052,1462.4913,0.814,1469.342,0.8102,15,15,61.2497,3.6487,0.3065,ventriclessynthseg,11.7057,0.1995,0.9832
sub-166,amsterdam_philips_3t,test,False,resencm_da5,9.4832,1462.4913,0.6484,1469.342,0.6454,28,14,9.625,3.1692,0.3342,ventriclessynthseg,9.3257,0.1575,0.9834
sub-166,amsterdam_philips_3t,test,False,wmhsynthseg,14.5809,1462.4913,0.997,1469.342,0.9923,12,11,70.8747,7.5582,0.5184,ventriclessynthseg,13.8809,0.7,0.952
sub-167,amsterdam_philips_3t,test,False,O1,13.2754,1428.6797,0.9292,1420.604,0.9345,105,57,10.5,4.606,0.347,ventriclessynthseg,12.2587,1.0167,0.9234
sub-167,amsterdam_philips_3t,test,False,resencm,14.8119,1428.6797,1.0368,1420.604,1.0427,86,46,10.5,5.6175,0.3793,ventriclessynthseg,13.8494,0.9625,0.935
sub-167,amsterdam_philips_3t,test,False,threshold,15.8024,1428.6797,1.1061,1420.604,1.1124,25,25,150.4993,4.6077,0.2916,ventriclessynthseg,13.6289,2.1735,0.8625
sub-167,amsterdam_philips_3t,test,False,resencm_da5,12.5772,1428.6797,0.8803,1420.604,0.8853,89,42,8.75,4.6182,0.3672,ventriclessynthseg,11.8159,0.7612,0.9395
sub-167,amsterdam_philips_3t,test,False,wmhsynthseg,24.5104,1428.6797,1.7156,1420.604,1.7254,23,20,80.4996,11.319,0.4618,ventriclessynthseg,22.1059,2.4045,0.9019
sub-168,amsterdam_philips_3t,test,False,O1,1.2268,1503.9774,0.0816,1534.741,0.0799,34,23,14.0003,0.3185,0.2596,ventriclessynthseg,0.9363,0.2905,0.7632
sub-168,amsterdam_philips_3t,test,False,resencm,0.581,1503.9774,0.0386,1534.741,0.0379,23,15,12.2503,0.1785,0.3072,ventriclessynthseg,0.4393,0.1418,0.756
sub-168,amsterdam_philips_3t,test,False,threshold,3.6716,1503.9774,0.2441,1534.741,0.2392,32,32,77.8768,0.4515,0.123,ventriclessynthseg,2.0423,1.6293,0.5562
sub-168,amsterdam_philips_3t,test,False,resencm_da5,0.462,1503.9774,0.0307,1534.741,0.0301,23,14,12.2503,0.154,0.3333,ventriclessynthseg,0.3605,0.1015,0.7803
sub-168,amsterdam_philips_3t,test,False,wmhsynthseg,15.4214,1503.9774,1.0254,1534.741,1.0048,18,13,38.5009,6.8112,0.4417,ventriclessynthseg,12.5775,2.8438,0.8156
sub-169,amsterdam_philips_3t,test,False,O1,14.1071,1809.9806,0.7794,1870.539,0.7542,164,100,12.2503,3.8466,0.2727,ventriclessynthseg,10.7505,3.3566,0.7621
sub-169,amsterdam_philips_3t,test,False,resencm,15.3058,1809.9806,0.8456,1870.539,0.8183,118,78,14.0003,4.4364,0.2898,ventriclessynthseg,11.699,3.6068,0.7643
sub-169,amsterdam_philips_3t,test,False,threshold,12.7123,1809.9806,0.7023,1870.539,0.6796,32,32,128.6279,4.0233,0.3165,ventriclessynthseg,11.5275,1.1848,0.9068
sub-169,amsterdam_philips_3t,test,False,resencm_da5,13.0885,1809.9806,0.7231,1870.539,0.6997,128,71,11.3753,4.2561,0.3252,ventriclessynthseg,10.39,2.6986,0.7938
sub-169,amsterdam_philips_3t,test,False,wmhsynthseg,21.1387,1809.9806,1.1679,1870.539,1.1301,54,34,24.5006,8.9777,0.4247,ventriclessynthseg,17.3639,3.7748,0.8214
