z_threshold,min_depth_mm,min_size_mm3,dice_all,dice_amsterdam_ge_3t,dice_singapore_siemens_3t,dice_utrecht_philips_3t
80.0,0,0,0.205,0.1292,0.2334,0.2525
80.0,0,10,0.2121,0.1336,0.2426,0.2602
80.0,0,20,0.216,0.1368,0.2462,0.2651
80.0,0,40,0.2203,0.1403,0.2508,0.2698
80.0,0,80,0.2244,0.1429,0.2554,0.2747
80.0,0,160,0.2291,0.1462,0.2606,0.2804
80.0,0,320,0.2341,0.1491,0.2667,0.2865
80.0,2,0,0.2104,0.1306,0.2359,0.2646
80.0,2,10,0.2179,0.1352,0.2454,0.2731
80.0,2,20,0.222,0.1385,0.2491,0.2785
80.0,2,40,0.2266,0.1421,0.2539,0.2838
80.0,2,80,0.2309,0.1448,0.2586,0.2893
80.0,2,160,0.2356,0.1483,0.2637,0.2949
80.0,2,320,0.2407,0.151,0.2702,0.3008
80.0,4,0,0.2309,0.1457,0.2599,0.2872
80.0,4,10,0.2394,0.1511,0.2713,0.2959
80.0,4,20,0.2442,0.155,0.276,0.3016
80.0,4,40,0.2495,0.1593,0.2821,0.3071
80.0,4,80,0.2545,0.1629,0.2882,0.3126
80.0,4,160,0.2601,0.167,0.295,0.3182
80.0,4,320,0.2653,0.1702,0.3025,0.3234
80.0,6,0,0.2515,0.1592,0.2925,0.3029
80.0,6,10,0.2603,0.1645,0.3053,0.3112
80.0,6,20,0.2652,0.1685,0.3108,0.3164
80.0,6,40,0.2708,0.1727,0.3181,0.3215
80.0,6,80,0.2756,0.1762,0.3246,0.3262
80.0,6,160,0.2809,0.1798,0.3321,0.3309
80.0,6,320,0.2858,0.183,0.3393,0.3352
80.0,8,0,0.2676,0.1702,0.3169,0.3156
80.0,8,10,0.2761,0.1753,0.3298,0.3232
80.0,8,20,0.2807,0.1789,0.3352,0.3279
80.0,8,40,0.2857,0.1827,0.342,0.3323
80.0,8,80,0.2902,0.1857,0.3488,0.3363
80.0,8,160,0.2945,0.1888,0.3547,0.3398
80.0,8,320,0.298,0.1914,0.3596,0.3431
80.0,10,0,0.2832,0.1818,0.3394,0.3284
80.0,10,10,0.2911,0.1866,0.3517,0.3351
80.0,10,20,0.2953,0.1899,0.3567,0.3392
80.0,10,40,0.2996,0.1933,0.3627,0.3427
80.0,10,80,0.3031,0.1955,0.3683,0.3456
80.0,10,160,0.3065,0.1982,0.3727,0.3486
80.0,10,320,0.3091,0.2004,0.3761,0.3509
80.0,12,0,0.2967,0.1928,0.3574,0.3399
80.0,12,10,0.3039,0.1972,0.3686,0.3459
80.0,12,20,0.3076,0.2002,0.373,0.3495
80.0,12,40,0.3113,0.2031,0.3784,0.3522
80.0,12,80,0.314,0.2045,0.3829,0.3545
80.0,12,160,0.3166,0.2067,0.3861,0.3572
80.0,12,320,0.3187,0.2079,0.3888,0.3593
80.0,14,0,0.3108,0.2028,0.3768,0.3526
80.0,14,10,0.3173,0.2069,0.387,0.358
80.0,14,20,0.3205,0.2096,0.3907,0.3611
80.0,14,40,0.3234,0.2119,0.3947,0.3635
80.0,14,80,0.3256,0.213,0.3981,0.3656
80.0,14,160,0.3277,0.2148,0.4009,0.3673
80.0,14,320,0.3294,0.2161,0.403,0.3693
80.0,16,0,0.3233,0.213,0.3927,0.3643
80.0,16,10,0.3293,0.2167,0.402,0.3691
80.0,16,20,0.3322,0.2192,0.4053,0.3721
80.0,16,40,0.3348,0.2214,0.4086,0.3743
80.0,16,80,0.3367,0.222,0.412,0.3761
80.0,16,160,0.3387,0.2236,0.4145,0.3779
80.0,16,320,0.3405,0.2253,0.4165,0.3798
80.0,18,0,0.3306,0.2178,0.402,0.372
80.0,18,10,0.3361,0.2214,0.4102,0.3768
80.0,18,20,0.3387,0.2236,0.4131,0.3794
80.0,18,40,0.3411,0.2256,0.4163,0.3813
80.0,18,80,0.3429,0.2263,0.4191,0.3832
80.0,18,160,0.3447,0.2275,0.4212,0.3855
80.0,18,320,0.3464,0.2286,0.4232,0.3872
80.0,20,0,0.3301,0.2154,0.4019,0.3731
80.0,20,10,0.3353,0.2188,0.4094,0.3777
80.0,20,20,0.3375,0.2208,0.4118,0.38
80.0,20,40,0.3398,0.2222,0.4153,0.3819
80.0,20,80,0.3418,0.2234,0.4175,0.3844
80.0,20,160,0.3437,0.225,0.4196,0.3864
80.0,20,320,0.3459,0.2268,0.4222,0.3888
80.0,22,0,0.3208,0.2096,0.3903,0.3626
80.0,22,10,0.3256,0.2127,0.397,0.367
80.0,22,20,0.3277,0.2147,0.3991,0.3694
80.0,22,40,0.33,0.2165,0.4022,0.3712
80.0,22,80,0.3319,0.2181,0.4043,0.3733
80.0,22,160,0.3341,0.2199,0.4065,0.3759
80.0,22,320,0.3364,0.2216,0.409,0.3786
82.0,0,0,0.2649,0.1728,0.2898,0.3321
82.0,0,10,0.2768,0.1813,0.305,0.3441
82.0,0,20,0.2836,0.1881,0.3116,0.3511
82.0,0,40,0.2905,0.1946,0.3197,0.3573
82.0,0,80,0.2976,0.2,0.3281,0.3648
82.0,0,160,0.3054,0.2058,0.3383,0.3721
82.0,0,320,0.3149,0.2109,0.3519,0.3817
82.0,2,0,0.2711,0.1747,0.293,0.3456
82.0,2,10,0.2834,0.1833,0.3086,0.3583
82.0,2,20,0.2903,0.1902,0.3153,0.3656
82.0,2,40,0.2974,0.1968,0.3236,0.3719
82.0,2,80,0.3044,0.2022,0.3321,0.3789
82.0,2,160,0.3118,0.208,0.3422,0.3853
82.0,2,320,0.3207,0.2136,0.3553,0.3932
82.0,4,0,0.2934,0.1912,0.3207,0.3682
82.0,4,10,0.3064,0.2005,0.3386,0.3802
82.0,4,20,0.3135,0.2073,0.3462,0.387
82.0,4,40,0.321,0.2141,0.3561,0.3926
82.0,4,80,0.328,0.2196,0.3654,0.399
82.0,4,160,0.3349,0.2248,0.3766,0.4032
82.0,4,320,0.3417,0.2289,0.3883,0.4079
82.0,6,0,0.3134,0.2047,0.3543,0.3812
82.0,6,10,0.3263,0.2133,0.3733,0.3923
82.0,6,20,0.3331,0.2196,0.3812,0.3985
82.0,6,40,0.3401,0.2258,0.3912,0.4033
82.0,6,80,0.3465,0.231,0.4006,0.408
82.0,6,160,0.3525,0.2353,0.4104,0.4118
82.0,6,320,0.3574,0.2389,0.4181,0.4153
82.0,8,0,0.3281,0.2153,0.3783,0.3907
82.0,8,10,0.3401,0.2232,0.3964,0.4008
82.0,8,20,0.3463,0.2289,0.404,0.4061
82.0,8,40,0.3525,0.2345,0.413,0.4099
82.0,8,80,0.3578,0.2386,0.4213,0.4134
82.0,8,160,0.3624,0.2423,0.4286,0.4163
82.0,8,320,0.3661,0.2453,0.4341,0.419
82.0,10,0,0.342,0.2265,0.3997,0.3999
82.0,10,10,0.3529,0.2338,0.4164,0.4086
82.0,10,20,0.3583,0.2391,0.423,0.4129
82.0,10,40,0.3636,0.2439,0.4307,0.4163
82.0,10,80,0.3679,0.2474,0.4373,0.4191
82.0,10,160,0.3713,0.2503,0.4423,0.4212
82.0,10,320,0.3743,0.2527,0.4466,0.4236
82.0,12,0,0.3537,0.2371,0.4162,0.4079
82.0,12,10,0.3635,0.2438,0.4312,0.4157
82.0,12,20,0.3683,0.2485,0.4369,0.4195
82.0,12,40,0.3728,0.2527,0.4435,0.4221
82.0,12,80,0.3762,0.2551,0.4489,0.4246
82.0,12,160,0.3788,0.2574,0.4526,0.4265
82.0,12,320,0.3818,0.2592,0.457,0.4292
82.0,14,0,0.3658,0.2464,0.4337,0.4173
82.0,14,10,0.3745,0.2525,0.4469,0.4242
82.0,14,20,0.3787,0.2567,0.4518,0.4276
82.0,14,40,0.3824,0.2602,0.4569,0.43
82.0,14,80,0.3852,0.2621,0.4613,0.4321
82.0,14,160,0.3878,0.2641,0.4654,0.4338
82.0,14,320,0.3909,0.2665,0.469,0.4372
82.0,16,0,0.3763,0.2558,0.4476,0.4255
82.0,16,10,0.3843,0.2615,0.4595,0.4319
82.0,16,20,0.3881,0.2654,0.4638,0.435
82.0,16,40,0.3916,0.2686,0.4686,0.4376
82.0,16,80,0.3941,0.2703,0.4726,0.4394
82.0,16,160,0.3967,0.2722,0.4761,0.442
82.0,16,320,0.4006,0.275,0.4805,0.4462
82.0,18,0,0.3808,0.2592,0.454,0.4293
82.0,18,10,0.3882,0.2644,0.4648,0.4355
82.0,18,20,0.3917,0.268,0.4689,0.4382
82.0,18,40,0.395,0.2711,0.4734,0.4406
82.0,18,80,0.3977,0.2728,0.4771,0.443
82.0,18,160,0.4002,0.2741,0.4803,0.4461
82.0,18,320,0.4039,0.2774,0.4842,0.4501
82.0,20,0,0.3764,0.2543,0.4499,0.4248
82.0,20,10,0.3831,0.2591,0.4596,0.4306
82.0,20,20,0.3863,0.2623,0.4632,0.4334
82.0,20,40,0.3896,0.265,0.4674,0.4362
82.0,20,80,0.3922,0.267,0.4704,0.4393
82.0,20,160,0.3952,0.2701,0.4733,0.4421
82.0,20,320,0.3992,0.2733,0.4772,0.4472
82.0,22,0,0.3619,0.2451,0.433,0.4076
82.0,22,10,0.3681,0.2496,0.4414,0.4132
82.0,22,20,0.3711,0.2529,0.4447,0.4157
82.0,22,40,0.3743,0.2556,0.4486,0.4188
82.0,22,80,0.3775,0.2581,0.4523,0.422
82.0,22,160,0.3806,0.2615,0.4551,0.4252
82.0,22,320,0.3847,0.2643,0.4593,0.4306
84.0,0,0,0.3227,0.22,0.3471,0.401
84.0,0,10,0.3386,0.2327,0.3689,0.4143
84.0,0,20,0.3472,0.2421,0.3781,0.4213
84.0,0,40,0.3561,0.2507,0.3897,0.4279
84.0,0,80,0.3642,0.2563,0.4013,0.4349
84.0,0,160,0.3728,0.2627,0.414,0.4416
84.0,0,320,0.384,0.2699,0.4308,0.4514
84.0,2,0,0.3291,0.2221,0.3509,0.4142
84.0,2,10,0.3453,0.235,0.3733,0.4276
84.0,2,20,0.3539,0.2446,0.3826,0.4347
84.0,2,40,0.3628,0.2532,0.3942,0.441
84.0,2,80,0.3705,0.2586,0.4056,0.4473
84.0,2,160,0.3787,0.2648,0.4183,0.4531
84.0,2,320,0.3889,0.2718,0.4346,0.4603
84.0,4,0,0.3513,0.2388,0.3807,0.4343
84.0,4,10,0.3676,0.2515,0.4049,0.4463
84.0,4,20,0.3759,0.2603,0.4149,0.4524
84.0,4,40,0.3843,0.2678,0.4274,0.4577
84.0,4,80,0.3911,0.2724,0.439,0.4619
84.0,4,160,0.3977,0.2776,0.4512,0.4643
84.0,4,320,0.4056,0.284,0.4638,0.469
84.0,6,0,0.3698,0.2514,0.4137,0.4443
84.0,6,10,0.3853,0.2628,0.438,0.4552
84.0,6,20,0.3929,0.2709,0.4475,0.4604
84.0,6,40,0.4005,0.2774,0.4596,0.4645
84.0,6,80,0.4065,0.2817,0.4701,0.4678
84.0,6,160,0.4114,0.2866,0.4782,0.4693
84.0,6,320,0.4171,0.2916,0.4869,0.4728
84.0,8,0,0.3827,0.2611,0.4361,0.4508
84.0,8,10,0.3969,0.2716,0.4587,0.4603
84.0,8,20,0.4036,0.2787,0.4674,0.4647
84.0,8,40,0.4104,0.2846,0.4783,0.4682
84.0,8,80,0.4149,0.2879,0.486,0.4707
84.0,8,160,0.4187,0.2923,0.492,0.4718
84.0,8,320,0.4231,0.2963,0.4979,0.475
84.0,10,0,0.3945,0.2716,0.4553,0.4567
84.0,10,10,0.4072,0.2812,0.4756,0.4649
84.0,10,20,0.4131,0.2877,0.4831,0.4686
84.0,10,40,0.4188,0.2929,0.4921,0.4715
84.0,10,80,0.4222,0.2953,0.4979,0.4734
84.0,10,160,0.4251,0.299,0.5019,0.4744
84.0,10,320,0.4291,0.3017,0.5077,0.4778
84.0,12,0,0.4042,0.2814,0.4696,0.4617
84.0,12,10,0.4157,0.2902,0.4879,0.4691
84.0,12,20,0.4209,0.2962,0.4943,0.4722
84.0,12,40,0.4258,0.3009,0.5018,0.4748
84.0,12,80,0.4287,0.3027,0.507,0.4765
84.0,12,160,0.4317,0.3061,0.5112,0.4778
84.0,12,320,0.4355,0.3083,0.5173,0.481
84.0,14,0,0.4141,0.2898,0.4846,0.468
84.0,14,10,0.4244,0.2977,0.5006,0.4749
84.0,14,20,0.429,0.3031,0.5061,0.4778
84.0,14,40,0.4334,0.3072,0.5125,0.4804
84.0,14,80,0.436,0.3091,0.5168,0.4821
84.0,14,160,0.4388,0.3116,0.5213,0.4835
84.0,14,320,0.4432,0.3157,0.5266,0.4872
84.0,16,0,0.4223,0.2981,0.496,0.4728
84.0,16,10,0.4317,0.3056,0.5103,0.4792
84.0,16,20,0.436,0.3106,0.5156,0.482
84.0,16,40,0.4402,0.3146,0.5215,0.4844
84.0,16,80,0.4426,0.3161,0.5258,0.4861
84.0,16,160,0.4458,0.3191,0.53,0.4885
84.0,16,320,0.4502,0.3232,0.5351,0.4925
84.0,18,0,0.424,0.2998,0.4995,0.4727
84.0,18,10,0.4327,0.3067,0.5126,0.4788
84.0,18,20,0.4367,0.3115,0.5175,0.4811
84.0,18,40,0.4406,0.3154,0.5225,0.4839
84.0,18,80,0.4433,0.3168,0.5266,0.4864
84.0,18,160,0.4464,0.3198,0.5305,0.4887
84.0,18,320,0.4513,0.3236,0.5364,0.4938
84.0,20,0,0.4158,0.2924,0.4916,0.4632
84.0,20,10,0.4236,0.2988,0.503,0.469
84.0,20,20,0.4273,0.303,0.5074,0.4714
84.0,20,40,0.4309,0.3064,0.512,0.4743
84.0,20,80,0.4339,0.3089,0.5155,0.4774
84.0,20,160,0.4377,0.3127,0.5196,0.4807
84.0,20,320,0.4429,0.3167,0.5266,0.4853
84.0,22,0,0.3965,0.2799,0.4694,0.4402
84.0,22,10,0.4037,0.2858,0.4795,0.4457
84.0,22,20,0.4073,0.29,0.4835,0.4483
84.0,22,40,0.4109,0.2936,0.4878,0.4512
84.0,22,80,0.414,0.2964,0.4909,0.4547
84.0,22,160,0.4178,0.3006,0.4948,0.4578
84.0,22,320,0.4231,0.3037,0.5021,0.4635
86.0,0,0,0.3705,0.2646,0.3989,0.4481
86.0,0,10,0.3885,0.2797,0.4255,0.4604
86.0,0,20,0.3977,0.2905,0.4363,0.4664
86.0,0,40,0.4071,0.2996,0.4495,0.4721
86.0,0,80,0.415,0.3056,0.4617,0.4777
86.0,0,160,0.4244,0.3134,0.4773,0.4824
86.0,0,320,0.4343,0.3192,0.4951,0.4886
86.0,2,0,0.3767,0.2669,0.4032,0.4601
86.0,2,10,0.3949,0.2821,0.4304,0.4723
86.0,2,20,0.404,0.293,0.4412,0.4779
86.0,2,40,0.4131,0.3019,0.4544,0.4831
86.0,2,80,0.4206,0.3078,0.4664,0.4876
86.0,2,160,0.4293,0.3154,0.4818,0.4908
86.0,2,320,0.4382,0.3205,0.4986,0.4954
86.0,4,0,0.3977,0.2826,0.4335,0.4769
86.0,4,10,0.4154,0.297,0.4618,0.4875
86.0,4,20,0.4239,0.3067,0.4729,0.4921
86.0,4,40,0.4321,0.3143,0.4862,0.4959
86.0,4,80,0.4384,0.3194,0.4976,0.4984
86.0,4,160,0.4449,0.3261,0.5091,0.4995
86.0,4,320,0.4519,0.3308,0.5229,0.5019
86.0,6,0,0.4143,0.2941,0.4643,0.4845
86.0,6,10,0.4308,0.307,0.4916,0.4939
86.0,6,20,0.4384,0.3159,0.5017,0.4976
86.0,6,40,0.4456,0.323,0.5129,0.5007
86.0,6,80,0.4508,0.3277,0.5222,0.5026
86.0,6,160,0.4556,0.3331,0.5305,0.5031
86.0,6,320,0.4602,0.3365,0.539,0.5053
86.0,8,0,0.4253,0.3029,0.4843,0.4889
86.0,8,10,0.4404,0.3148,0.5091,0.4972
86.0,8,20,0.4472,0.3229,0.5182,0.5006
86.0,8,40,0.4532,0.3291,0.5273,0.5032
86.0,8,80,0.4571,0.333,0.5341,0.5042
86.0,8,160,0.461,0.3381,0.5402,0.5048
86.0,8,320,0.4649,0.3407,0.5476,0.5063
86.0,10,0,0.4353,0.3126,0.5007,0.4925
86.0,10,10,0.4487,0.3235,0.5226,0.5
86.0,10,20,0.4546,0.3309,0.5301,0.5027
86.0,10,40,0.4597,0.3363,0.5376,0.505
86.0,10,80,0.463,0.3396,0.5435,0.5059
86.0,10,160,0.4665,0.3441,0.5486,0.5068
86.0,10,320,0.47,0.3461,0.5562,0.5078
86.0,12,0,0.4433,0.3217,0.5127,0.4956
86.0,12,10,0.4555,0.3318,0.5321,0.5027
86.0,12,20,0.4609,0.3387,0.5388,0.5051
86.0,12,40,0.4655,0.3436,0.5456,0.5071
86.0,12,80,0.4682,0.3464,0.55,0.5082
86.0,12,160,0.4718,0.3502,0.556,0.5092
86.0,12,320,0.4751,0.3526,0.5631,0.5097
86.0,14,0,0.4514,0.3294,0.525,0.4999
86.0,14,10,0.4625,0.3388,0.5422,0.5065
86.0,14,20,0.4674,0.345,0.5482,0.5089
86.0,14,40,0.4714,0.3495,0.554,0.5108
86.0,14,80,0.4741,0.3524,0.5578,0.512
86.0,14,160,0.4777,0.3555,0.5647,0.5129
86.0,14,320,0.4811,0.3584,0.5702,0.5146
86.0,16,0,0.4576,0.3371,0.5337,0.5019
86.0,16,10,0.4679,0.346,0.5494,0.5083
86.0,16,20,0.4724,0.3519,0.5547,0.5104
86.0,16,40,0.4763,0.3565,0.5601,0.5124
86.0,16,80,0.4788,0.3586,0.5639,0.5139
86.0,16,160,0.483,0.3621,0.5712,0.5156
86.0,16,320,0.4862,0.3652,0.576,0.5173
86.0,18,0,0.4571,0.3377,0.5346,0.4989
86.0,18,10,0.4665,0.346,0.5486,0.5048
86.0,18,20,0.4706,0.3517,0.5533,0.5068
86.0,18,40,0.4743,0.356,0.5578,0.5091
86.0,18,80,0.4771,0.3579,0.5624,0.511
86.0,18,160,0.4811,0.3624,0.568,0.5129
86.0,18,320,0.4849,0.3668,0.574,0.514
86.0,20,0,0.4455,0.3277,0.5231,0.4857
86.0,20,10,0.4541,0.3354,0.5354,0.4914
86.0,20,20,0.4581,0.3407,0.5399,0.4937
86.0,20,40,0.4614,0.3442,0.5442,0.4958
86.0,20,80,0.4649,0.348,0.5482,0.4984
86.0,20,160,0.4696,0.3534,0.5546,0.501
86.0,20,320,0.4735,0.356,0.5613,0.5031
86.0,22,0,0.4222,0.312,0.4965,0.458
86.0,22,10,0.43,0.3191,0.5073,0.4637
86.0,22,20,0.4337,0.3239,0.5113,0.4657
86.0,22,40,0.4374,0.3283,0.5155,0.4683
86.0,22,80,0.4406,0.3317,0.5196,0.4706
86.0,22,160,0.4456,0.3373,0.5253,0.4742
86.0,22,320,0.4516,0.3437,0.5332,0.4779
88.0,0,0,0.406,0.3042,0.4408,0.4731
88.0,0,10,0.4247,0.3207,0.4699,0.4836
88.0,0,20,0.4341,0.3322,0.4814,0.4886
88.0,0,40,0.4431,0.3407,0.495,0.4934
88.0,0,80,0.4506,0.3479,0.5068,0.4973
88.0,0,160,0.4598,0.3522,0.5242,0.5031
88.0,0,320,0.4674,0.3545,0.5413,0.5065
88.0,2,0,0.412,0.3065,0.4455,0.484
88.0,2,10,0.4308,0.3232,0.4751,0.4942
88.0,2,20,0.44,0.3347,0.4865,0.4988
88.0,2,40,0.4486,0.343,0.4998,0.5028
88.0,2,80,0.4557,0.3499,0.5116,0.5056
88.0,2,160,0.4642,0.3538,0.5285,0.5103
88.0,2,320,0.4707,0.3559,0.5447,0.5115
88.0,4,0,0.4313,0.3213,0.4747,0.4979
88.0,4,10,0.4494,0.3368,0.5045,0.5068
88.0,4,20,0.4577,0.347,0.5156,0.5106
88.0,4,40,0.4653,0.3546,0.5279,0.5135
88.0,4,80,0.4711,0.3603,0.5382,0.5148
88.0,4,160,0.4775,0.3637,0.552,0.5167
88.0,4,320,0.4816,0.3644,0.5637,0.5167
88.0,6,0,0.4461,0.3319,0.5025,0.5039
88.0,6,10,0.4627,0.3461,0.53,0.512
88.0,6,20,0.4701,0.3554,0.5397,0.5151
88.0,6,40,0.4763,0.3621,0.5494,0.5175
88.0,6,80,0.4807,0.367,0.5569,0.518
88.0,6,160,0.4854,0.3692,0.5676,0.5195
88.0,6,320,0.4875,0.3683,0.5756,0.5187
88.0,8,0,0.4557,0.34,0.5197,0.5073
88.0,8,10,0.4707,0.3533,0.544,0.5147
88.0,8,20,0.4772,0.3618,0.5525,0.5173
88.0,8,40,0.4824,0.3679,0.5602,0.5193
88.0,8,80,0.4858,0.372,0.5663,0.5192
88.0,8,160,0.4896,0.3738,0.5747,0.5202
88.0,8,320,0.492,0.3725,0.5835,0.5199
88.0,10,0,0.4641,0.3491,0.5333,0.51
88.0,10,10,0.4776,0.3614,0.5547,0.5167
88.0,10,20,0.4833,0.3693,0.5617,0.5188
88.0,10,40,0.4881,0.375,0.5685,0.5207
88.0,10,80,0.4911,0.3789,0.5741,0.5204
88.0,10,160,0.4947,0.3797,0.5828,0.5217
88.0,10,320,0.4962,0.3772,0.5901,0.5212
88.0,12,0,0.4709,0.3577,0.543,0.5121
88.0,12,10,0.4832,0.3691,0.5622,0.5185
88.0,12,20,0.4885,0.3766,0.5684,0.5206
88.0,12,40,0.4929,0.3816,0.5747,0.5223
88.0,12,80,0.4956,0.3849,0.5792,0.5227
88.0,12,160,0.4988,0.3853,0.5876,0.5233
88.0,12,320,0.5002,0.3833,0.5946,0.5226
88.0,14,0,0.4777,0.3647,0.5532,0.5151
88.0,14,10,0.4889,0.3756,0.57,0.5211
88.0,14,20,0.4937,0.3825,0.5756,0.5231
88.0,14,40,0.4977,0.3872,0.5812,0.5247
88.0,14,80,0.5002,0.3904,0.5853,0.5249
88.0,14,160,0.5032,0.3902,0.5936,0.526
88.0,14,320,0.5061,0.3899,0.6009,0.5274
88.0,16,0,0.4823,0.3718,0.5596,0.5155
88.0,16,10,0.4928,0.3821,0.5749,0.5214
88.0,16,20,0.4973,0.389,0.5799,0.5232
88.0,16,40,0.5015,0.3941,0.5852,0.525
88.0,16,80,0.5038,0.3957,0.5898,0.5258
88.0,16,160,0.5074,0.3971,0.5977,0.5274
88.0,16,320,0.5093,0.3974,0.6024,0.5281
88.0,18,0,0.4799,0.3714,0.558,0.5104
88.0,18,10,0.4898,0.3814,0.572,0.5159
88.0,18,20,0.4942,0.388,0.5765,0.5179
88.0,18,40,0.4979,0.3925,0.5815,0.5196
88.0,18,80,0.5002,0.3946,0.5855,0.5206
88.0,18,160,0.5043,0.397,0.5932,0.5229
88.0,18,320,0.5064,0.3981,0.5977,0.5236
88.0,20,0,0.4657,0.3593,0.5434,0.4945
88.0,20,10,0.4746,0.3681,0.5558,0.4999
88.0,20,20,0.4789,0.3748,0.56,0.5018
88.0,20,40,0.4824,0.3787,0.5642,0.5042
88.0,20,80,0.4857,0.3821,0.5688,0.5063
88.0,20,160,0.4901,0.3855,0.5757,0.509
88.0,20,320,0.493,0.3864,0.5812,0.5115
88.0,22,0,0.4395,0.3408,0.5137,0.4639
88.0,22,10,0.4477,0.3493,0.5246,0.4693
88.0,22,20,0.4516,0.3551,0.5282,0.4714
88.0,22,40,0.4554,0.3596,0.5328,0.4738
88.0,22,80,0.4586,0.3625,0.5368,0.4764
88.0,22,160,0.4637,0.3671,0.544,0.4799
88.0,22,320,0.4684,0.3723,0.5503,0.4828
90.0,0,0,0.4294,0.3375,0.4709,0.4797
90.0,0,10,0.4481,0.3555,0.4998,0.4891
90.0,0,20,0.4569,0.3672,0.5104,0.4931
90.0,0,40,0.4655,0.3767,0.523,0.4967
90.0,0,80,0.4716,0.3827,0.5333,0.4988
90.0,0,160,0.4788,0.3861,0.5479,0.5024
90.0,0,320,0.4862,0.3879,0.5642,0.5066
90.0,2,0,0.4351,0.3399,0.4758,0.4897
90.0,2,10,0.454,0.358,0.5049,0.4989
90.0,2,20,0.4626,0.3698,0.5155,0.5026
90.0,2,40,0.4708,0.379,0.5281,0.5054
90.0,2,80,0.4765,0.3846,0.538,0.5069
90.0,2,160,0.4828,0.3878,0.5523,0.5083
90.0,2,320,0.4892,0.3889,0.5682,0.5106
90.0,4,0,0.4529,0.354,0.503,0.5018
90.0,4,10,0.4707,0.3705,0.5314,0.51
90.0,4,20,0.4784,0.3812,0.5414,0.5127
90.0,4,40,0.4855,0.3892,0.5524,0.5147
90.0,4,80,0.4899,0.3942,0.5611,0.5146
90.0,4,160,0.4936,0.3957,0.5713,0.5138
90.0,4,320,0.4972,0.3946,0.5822,0.5148
90.0,6,0,0.466,0.3639,0.5272,0.507
90.0,6,10,0.4823,0.3792,0.553,0.5146
90.0,6,20,0.489,0.3889,0.5614,0.5167
90.0,6,40,0.4948,0.3957,0.5705,0.5182
90.0,6,80,0.4977,0.3998,0.5764,0.5171
90.0,6,160,0.4998,0.4007,0.5825,0.516
90.0,6,320,0.5024,0.3981,0.5921,0.517
90.0,8,0,0.4743,0.3716,0.5416,0.5098
90.0,8,10,0.489,0.3859,0.5642,0.5168
90.0,8,20,0.495,0.3949,0.5713,0.5187
90.0,8,40,0.4999,0.4012,0.5788,0.5198
90.0,8,80,0.5021,0.4048,0.5833,0.518
90.0,8,160,0.5036,0.4052,0.5889,0.5166
90.0,8,320,0.5055,0.402,0.5968,0.5177
90.0,10,0,0.4817,0.3803,0.5527,0.5121
90.0,10,10,0.4949,0.3936,0.5728,0.5184
90.0,10,20,0.5004,0.402,0.579,0.52
90.0,10,40,0.5049,0.4081,0.5857,0.5208
90.0,10,80,0.5067,0.4112,0.5897,0.5191
90.0,10,160,0.5077,0.4106,0.5949,0.5177
90.0,10,320,0.5092,0.4072,0.6019,0.5186
90.0,12,0,0.4878,0.3886,0.5608,0.5139
90.0,12,10,0.5,0.4012,0.5788,0.52
90.0,12,20,0.505,0.4092,0.5845,0.5214
90.0,12,40,0.5093,0.4149,0.5909,0.5222
90.0,12,80,0.5105,0.4163,0.594,0.5211
90.0,12,160,0.5117,0.4164,0.599,0.5198
90.0,12,320,0.5134,0.414,0.605,0.5214
90.0,14,0,0.4935,0.3952,0.5688,0.5164
90.0,14,10,0.5047,0.4072,0.5848,0.5221
90.0,14,20,0.5095,0.4148,0.5902,0.5234
90.0,14,40,0.5132,0.4197,0.5957,0.5244
90.0,14,80,0.5147,0.4214,0.5989,0.5237
90.0,14,160,0.5166,0.4222,0.6048,0.5228
90.0,14,320,0.5176,0.4199,0.6077,0.5251
90.0,16,0,0.4971,0.4019,0.5734,0.5161
90.0,16,10,0.5077,0.4134,0.588,0.5216
90.0,16,20,0.5122,0.4207,0.5927,0.5231
90.0,16,40,0.5162,0.4258,0.5985,0.5241
90.0,16,80,0.5175,0.4266,0.6017,0.5241
90.0,16,160,0.5196,0.4294,0.6054,0.5239
90.0,16,320,0.5219,0.4281,0.6104,0.5271
90.0,18,0,0.4935,0.4009,0.5699,0.5097
90.0,18,10,0.5034,0.4118,0.5833,0.515
90.0,18,20,0.5076,0.4192,0.5875,0.5162
90.0,18,40,0.5113,0.4237,0.5927,0.5174
90.0,18,80,0.5128,0.4246,0.5963,0.5174
90.0,18,160,0.5156,0.4294,0.5987,0.5187
90.0,18,320,0.5192,0.4299,0.6058,0.5218
90.0,20,0,0.4774,0.3869,0.5531,0.4923
90.0,20,10,0.4864,0.3967,0.565,0.4975
90.0,20,20,0.4906,0.4036,0.5693,0.4991
90.0,20,40,0.4942,0.4076,0.5736,0.5014
90.0,20,80,0.497,0.4112,0.5774,0.5025
90.0,20,160,0.4996,0.4141,0.5801,0.5046
90.0,20,320,0.5033,0.4136,0.5868,0.5094
90.0,22,0,0.4491,0.3659,0.5208,0.4606
90.0,22,10,0.4574,0.3749,0.5315,0.4658
90.0,22,20,0.4614,0.3811,0.5352,0.4677
90.0,22,40,0.4653,0.3863,0.5391,0.4706
90.0,22,80,0.4689,0.3899,0.5445,0.4723
90.0,22,160,0.4717,0.3935,0.5473,0.4743
90.0,22,320,0.4763,0.395,0.5519,0.482
92.0,0,0,0.4426,0.3673,0.4876,0.473
92.0,0,10,0.461,0.3872,0.5144,0.4815
92.0,0,20,0.4694,0.3998,0.5234,0.4852
92.0,0,40,0.477,0.4091,0.5342,0.4876
92.0,0,80,0.4828,0.415,0.5436,0.4896
92.0,0,160,0.4887,0.4197,0.5546,0.4918
92.0,0,320,0.4927,0.4191,0.5642,0.4949
92.0,2,0,0.4482,0.3697,0.4926,0.4824
92.0,2,10,0.4667,0.3898,0.5196,0.4907
92.0,2,20,0.4749,0.4023,0.5286,0.494
92.0,2,40,0.482,0.411,0.5393,0.4957
92.0,2,80,0.4872,0.4163,0.5485,0.4967
92.0,2,160,0.4921,0.4207,0.5585,0.497
92.0,2,320,0.4952,0.4201,0.5676,0.4979
92.0,4,0,0.4646,0.3832,0.5172,0.4934
92.0,4,10,0.4818,0.4019,0.5428,0.5008
92.0,4,20,0.4892,0.4128,0.5514,0.5033
92.0,4,40,0.4952,0.4206,0.5611,0.5039
92.0,4,80,0.4986,0.4252,0.5673,0.5033
92.0,4,160,0.5012,0.4272,0.5741,0.5024
92.0,4,320,0.5018,0.4244,0.5791,0.5018
92.0,6,0,0.4763,0.3926,0.5381,0.498
92.0,6,10,0.4919,0.4097,0.5612,0.5049
92.0,6,20,0.4983,0.4198,0.5683,0.5069
92.0,6,40,0.5031,0.4266,0.5761,0.5068
92.0,6,80,0.5054,0.4305,0.58,0.5057
92.0,6,160,0.5067,0.4319,0.5838,0.5043
92.0,6,320,0.5063,0.4284,0.5873,0.5033
92.0,8,0,0.4836,0.4001,0.5501,0.5007
92.0,8,10,0.4978,0.4162,0.5703,0.5069
92.0,8,20,0.5036,0.4258,0.5764,0.5087
92.0,8,40,0.5075,0.4317,0.5826,0.5082
92.0,8,80,0.5093,0.4356,0.5854,0.5068
92.0,8,160,0.5098,0.4356,0.5895,0.5043
92.0,8,320,0.5085,0.4309,0.5903,0.5042
92.0,10,0,0.4902,0.4084,0.5593,0.5027
92.0,10,10,0.5032,0.4238,0.5773,0.5084
92.0,10,20,0.5085,0.4327,0.5828,0.5099
92.0,10,40,0.5119,0.4382,0.5884,0.5092
92.0,10,80,0.5132,0.4412,0.5907,0.5076
92.0,10,160,0.5134,0.4399,0.5945,0.5057
92.0,10,320,0.5124,0.4365,0.5948,0.5057
92.0,12,0,0.4956,0.4165,0.5658,0.5045
92.0,12,10,0.5078,0.4311,0.5823,0.51
92.0,12,20,0.5126,0.4395,0.5872,0.5112
92.0,12,40,0.5159,0.4442,0.5925,0.5109
92.0,12,80,0.5166,0.4457,0.5947,0.5093
92.0,12,160,0.5169,0.445,0.5981,0.5076
92.0,12,320,0.5166,0.4424,0.5979,0.5094
92.0,14,0,0.5008,0.423,0.5723,0.507
92.0,14,10,0.5121,0.437,0.5871,0.5121
92.0,14,20,0.5167,0.4446,0.5919,0.5136
92.0,14,40,0.5194,0.4483,0.5966,0.5135
92.0,14,80,0.5207,0.451,0.5991,0.5119
92.0,14,160,0.521,0.4503,0.6014,0.5112
92.0,14,320,0.5207,0.4481,0.6007,0.5131
92.0,16,0,0.5038,0.4294,0.5754,0.5065
92.0,16,10,0.5145,0.4429,0.5891,0.5116
92.0,16,20,0.5189,0.4504,0.5933,0.5131
92.0,16,40,0.5219,0.4544,0.598,0.5133
92.0,16,80,0.523,0.4564,0.6006,0.5121
92.0,16,160,0.524,0.4578,0.6019,0.5122
92.0,16,320,0.5258,0.4593,0.6028,0.5153
92.0,18,0,0.4995,0.4279,0.5709,0.4997
92.0,18,10,0.5095,0.4405,0.5834,0.5045
92.0,18,20,0.5138,0.4479,0.5873,0.506
92.0,18,40,0.5164,0.4517,0.5917,0.5058
92.0,18,80,0.5186,0.4547,0.5947,0.5064
92.0,18,160,0.5197,0.4575,0.594,0.5077
92.0,18,320,0.5202,0.4559,0.5947,0.5101
92.0,20,0,0.4824,0.4122,0.5528,0.482
92.0,20,10,0.4915,0.4236,0.564,0.487
92.0,20,20,0.4955,0.43,0.5677,0.4889
92.0,20,40,0.4985,0.4339,0.5719,0.4898
92.0,20,80,0.5014,0.4383,0.5742,0.4917
92.0,20,160,0.5028,0.4392,0.5758,0.4935
92.0,20,320,0.503,0.4364,0.5758,0.4968
92.0,22,0,0.4528,0.3885,0.5197,0.4503
92.0,22,10,0.4615,0.3991,0.5298,0.4555
92.0,22,20,0.4654,0.4052,0.5332,0.4578
92.0,22,40,0.4683,0.4098,0.5363,0.4589
92.0,22,80,0.4717,0.4137,0.5399,0.4615
92.0,22,160,0.4727,0.413,0.5416,0.4636
92.0,22,320,0.4746,0.4117,0.5423,0.4699
94.0,0,0,0.4478,0.3932,0.4928,0.4575
94.0,0,10,0.4654,0.4148,0.5158,0.4656
94.0,0,20,0.4739,0.4292,0.5231,0.4694
94.0,0,40,0.4804,0.4392,0.5319,0.47
94.0,0,80,0.4864,0.4458,0.5409,0.4725
94.0,0,160,0.4895,0.4464,0.5491,0.4731
94.0,0,320,0.491,0.4447,0.5559,0.4724
94.0,2,0,0.4532,0.3955,0.4977,0.4664
94.0,2,10,0.4708,0.4172,0.5209,0.4743
94.0,2,20,0.479,0.4314,0.5279,0.4776
94.0,2,40,0.4849,0.4408,0.5365,0.4773
94.0,2,80,0.49,0.447,0.5449,0.4783
94.0,2,160,0.4925,0.4476,0.5526,0.4774
94.0,2,320,0.4933,0.4452,0.5589,0.476
94.0,4,0,0.4683,0.4085,0.5199,0.4765
94.0,4,10,0.4846,0.4286,0.5415,0.4836
94.0,4,20,0.4917,0.4412,0.5479,0.4861
94.0,4,40,0.4966,0.4493,0.5554,0.4852
94.0,4,80,0.4998,0.4536,0.5612,0.4846
94.0,4,160,0.4995,0.452,0.5645,0.4819
94.0,4,320,0.499,0.4489,0.5695,0.4786
94.0,6,0,0.4788,0.4175,0.538,0.4809
94.0,6,10,0.4937,0.436,0.5576,0.4874
94.0,6,20,0.4998,0.4476,0.5625,0.4893
94.0,6,40,0.5035,0.4544,0.5683,0.4879
94.0,6,80,0.5055,0.458,0.572,0.4865
94.0,6,160,0.5041,0.4563,0.5726,0.4834
94.0,6,320,0.5026,0.4516,0.5763,0.4798
94.0,8,0,0.4854,0.4247,0.5481,0.4835
94.0,8,10,0.4989,0.4422,0.5652,0.4894
94.0,8,20,0.5044,0.4532,0.5692,0.4909
94.0,8,40,0.5072,0.4589,0.5737,0.489
94.0,8,80,0.509,0.4628,0.5767,0.4876
94.0,8,160,0.5069,0.4598,0.5776,0.4834
94.0,8,320,0.5047,0.4545,0.5786,0.4809
94.0,10,0,0.4913,0.4329,0.5556,0.4854
94.0,10,10,0.5037,0.4495,0.571,0.4907
94.0,10,20,0.5088,0.4595,0.5745,0.4922
94.0,10,40,0.5114,0.4653,0.5788,0.4901
94.0,10,80,0.5126,0.4678,0.5817,0.4883
94.0,10,160,0.5105,0.465,0.5815,0.4851
94.0,10,320,0.5087,0.4616,0.5815,0.483
94.0,12,0,0.4963,0.4407,0.561,0.4873
94.0,12,10,0.508,0.4564,0.5752,0.4924
94.0,12,20,0.5125,0.4657,0.5784,0.4935
94.0,12,40,0.515,0.4709,0.5824,0.4918
94.0,12,80,0.516,0.4729,0.585,0.49
94.0,12,160,0.5138,0.4701,0.5839,0.4874
94.0,12,320,0.5128,0.4675,0.5842,0.4866
94.0,14,0,0.501,0.4468,0.5662,0.49
94.0,14,10,0.5119,0.4618,0.5792,0.4948
94.0,14,20,0.5164,0.4704,0.5825,0.4962
94.0,14,40,0.5186,0.4752,0.5859,0.4949
94.0,14,80,0.5203,0.4784,0.589,0.4936
94.0,14,160,0.518,0.4756,0.587,0.4915
94.0,14,320,0.5173,0.4737,0.587,0.4912
94.0,16,0,0.5036,0.4528,0.5682,0.4897
94.0,16,10,0.514,0.4673,0.5802,0.4945
94.0,16,20,0.5184,0.4758,0.5831,0.4964
94.0,16,40,0.5208,0.4808,0.5865,0.4951
94.0,16,80,0.5217,0.4822,0.5888,0.4941
94.0,16,160,0.5206,0.4812,0.5872,0.4933
94.0,16,320,0.5224,0.4843,0.5873,0.4955
94.0,18,0,0.4987,0.4506,0.5628,0.4828
94.0,18,10,0.5084,0.4642,0.5738,0.4873
94.0,18,20,0.5126,0.4725,0.5766,0.4889
94.0,18,40,0.5149,0.4771,0.5799,0.4875
94.0,18,80,0.5171,0.4799,0.5828,0.4886
94.0,18,160,0.5172,0.4823,0.5809,0.4883
94.0,18,320,0.5182,0.4821,0.5822,0.4904
94.0,20,0,0.4809,0.4333,0.544,0.4654
94.0,20,10,0.4898,0.4453,0.5538,0.4702
94.0,20,20,0.4937,0.4529,0.5561,0.4721
94.0,20,40,0.4962,0.457,0.5594,0.4722
94.0,20,80,0.4989,0.4615,0.5615,0.4737
94.0,20,160,0.5,0.4625,0.5634,0.474
94.0,20,320,0.4979,0.4515,0.5626,0.4796
94.0,22,0,0.4509,0.4074,0.511,0.4344
94.0,22,10,0.4592,0.4186,0.5198,0.4391
94.0,22,20,0.4633,0.4255,0.5228,0.4416
94.0,22,40,0.4658,0.4302,0.525,0.4423
94.0,22,80,0.4685,0.434,0.5276,0.4439
94.0,22,160,0.4683,0.4302,0.5302,0.4444
94.0,22,320,0.4697,0.4294,0.5292,0.4507
96.0,0,0,0.4454,0.4143,0.4866,0.4353
96.0,0,10,0.4628,0.4386,0.5063,0.4436
96.0,0,20,0.4711,0.4542,0.5126,0.4465
96.0,0,40,0.4763,0.4621,0.5195,0.4474
96.0,0,80,0.4818,0.4715,0.5258,0.448
96.0,0,160,0.4839,0.4702,0.533,0.4485
96.0,0,320,0.4824,0.4641,0.5364,0.4466
96.0,2,0,0.4507,0.4168,0.4914,0.4438
96.0,2,10,0.468,0.4411,0.5112,0.4518
96.0,2,20,0.4759,0.4561,0.5174,0.4541
96.0,2,40,0.4805,0.4636,0.5242,0.4537
96.0,2,80,0.4851,0.4727,0.5292,0.4534
96.0,2,160,0.4862,0.4706,0.5362,0.4519
96.0,2,320,0.4842,0.4647,0.5387,0.4493
96.0,4,0,0.4646,0.4292,0.5112,0.4534
96.0,4,10,0.4807,0.4517,0.5298,0.4606
96.0,4,20,0.4875,0.465,0.5353,0.4623
96.0,4,40,0.4909,0.4708,0.5408,0.461
96.0,4,80,0.4936,0.4781,0.544,0.4586
96.0,4,160,0.4923,0.4745,0.5465,0.456
96.0,4,320,0.489,0.4672,0.5479,0.452
96.0,6,0,0.4742,0.4377,0.5272,0.4577
96.0,6,10,0.4889,0.4585,0.5441,0.4643
96.0,6,20,0.4948,0.4707,0.5482,0.4654
96.0,6,40,0.497,0.4755,0.5523,0.4633
96.0,6,80,0.4987,0.4824,0.5534,0.4604
96.0,6,160,0.496,0.4778,0.5526,0.4574
96.0,6,320,0.4917,0.4697,0.5521,0.4534
96.0,8,0,0.4801,0.4445,0.5357,0.46
96.0,8,10,0.4936,0.4644,0.5505,0.466
96.0,8,20,0.4987,0.4756,0.5539,0.4666
96.0,8,40,0.5004,0.4794,0.5575,0.4644
96.0,8,80,0.5018,0.487,0.5572,0.4612
96.0,8,160,0.4983,0.481,0.5566,0.4573
96.0,8,320,0.4935,0.4724,0.554,0.4542
96.0,10,0,0.4856,0.4525,0.5422,0.4621
96.0,10,10,0.4982,0.4715,0.5557,0.4674
96.0,10,20,0.503,0.482,0.5588,0.4682
96.0,10,40,0.5043,0.4857,0.5618,0.4653
96.0,10,80,0.5052,0.4916,0.5615,0.4623
96.0,10,160,0.5022,0.4864,0.5607,0.4596
96.0,10,320,0.4972,0.4785,0.5568,0.4562
96.0,12,0,0.4903,0.4599,0.5468,0.4642
96.0,12,10,0.5022,0.478,0.5593,0.4692
96.0,12,20,0.5065,0.4875,0.5622,0.4698
96.0,12,40,0.5079,0.4911,0.5648,0.4677
96.0,12,80,0.5086,0.4971,0.5645,0.4642
96.0,12,160,0.5056,0.4916,0.563,0.4623
96.0,12,320,0.5012,0.4837,0.5602,0.4596
96.0,14,0,0.4947,0.4658,0.5512,0.4673
96.0,14,10,0.506,0.4832,0.5628,0.4722
96.0,14,20,0.5102,0.4919,0.5656,0.4731
96.0,14,40,0.5116,0.4958,0.5677,0.4712
96.0,14,80,0.5127,0.5021,0.5674,0.4685
96.0,14,160,0.509,0.4954,0.5659,0.4657
96.0,14,320,0.5058,0.4909,0.5615,0.4648
96.0,16,0,0.4971,0.4714,0.5526,0.4672
96.0,16,10,0.5077,0.4878,0.5633,0.4721
96.0,16,20,0.5121,0.4967,0.5661,0.4734
96.0,16,40,0.5136,0.5008,0.568,0.4719
96.0,16,80,0.5141,0.5043,0.568,0.4699
96.0,16,160,0.5127,0.503,0.5663,0.4689
96.0,16,320,0.5095,0.4961,0.5618,0.4706
96.0,18,0,0.4919,0.4683,0.5469,0.4604
96.0,18,10,0.5019,0.4836,0.5569,0.4651
96.0,18,20,0.5056,0.4912,0.5595,0.4662
96.0,18,40,0.5074,0.496,0.5615,0.4648
96.0,18,80,0.5088,0.4994,0.562,0.4651
96.0,18,160,0.5076,0.4992,0.5598,0.4639
96.0,18,320,0.5042,0.4906,0.5552,0.4669
96.0,20,0,0.4738,0.4494,0.5281,0.444
96.0,20,10,0.4829,0.463,0.5369,0.4487
96.0,20,20,0.4867,0.4701,0.5395,0.4504
96.0,20,40,0.4884,0.4737,0.5414,0.4502
96.0,20,80,0.49,0.4778,0.5416,0.4507
96.0,20,160,0.4893,0.4756,0.5423,0.45
96.0,20,320,0.4845,0.4609,0.5371,0.4554
96.0,22,0,0.4438,0.4213,0.4959,0.4143
96.0,22,10,0.4523,0.4338,0.504,0.4192
96.0,22,20,0.4559,0.4401,0.5067,0.421
96.0,22,40,0.4572,0.443,0.5075,0.4212
96.0,22,80,0.4595,0.447,0.5089,0.4227
96.0,22,160,0.458,0.4423,0.5109,0.4208
96.0,22,320,0.4544,0.4346,0.5049,0.4236
98.0,0,0,0.4374,0.4332,0.4712,0.4079
98.0,0,10,0.4548,0.4594,0.4882,0.4168
98.0,0,20,0.4628,0.475,0.494,0.4195
98.0,0,40,0.4689,0.4844,0.5015,0.4208
98.0,0,80,0.472,0.4928,0.5046,0.4187
98.0,0,160,0.4732,0.4864,0.5117,0.4214
98.0,0,320,0.4668,0.4755,0.5086,0.4163
98.0,2,0,0.4424,0.4356,0.4758,0.4159
98.0,2,10,0.4597,0.4618,0.4928,0.4244
98.0,2,20,0.4672,0.4769,0.4983,0.4264
98.0,2,40,0.4726,0.4857,0.5054,0.4267
98.0,2,80,0.4751,0.4936,0.508,0.4238
98.0,2,160,0.4751,0.4865,0.5144,0.4245
98.0,2,320,0.4689,0.4756,0.5122,0.4189
98.0,4,0,0.4553,0.4473,0.4936,0.425
98.0,4,10,0.4712,0.4713,0.5096,0.4326
98.0,4,20,0.4777,0.4846,0.5144,0.434
98.0,4,40,0.4817,0.4917,0.5203,0.4332
98.0,4,80,0.4822,0.4977,0.5206,0.4284
98.0,4,160,0.4804,0.4893,0.5238,0.4282
98.0,4,320,0.4732,0.4789,0.5195,0.4211
98.0,6,0,0.4641,0.4552,0.5079,0.4291
98.0,6,10,0.4786,0.4775,0.5224,0.436
98.0,6,20,0.4842,0.4898,0.526,0.4367
98.0,6,40,0.4874,0.496,0.5306,0.4357
98.0,6,80,0.487,0.5017,0.5291,0.4301
98.0,6,160,0.4839,0.4917,0.5302,0.4297
98.0,6,320,0.4756,0.4808,0.5232,0.4226
98.0,8,0,0.4694,0.4617,0.5152,0.4312
98.0,8,10,0.4828,0.4829,0.5282,0.4375
98.0,8,20,0.4878,0.4943,0.5314,0.4378
98.0,8,40,0.4907,0.5,0.5353,0.4367
98.0,8,80,0.4896,0.5054,0.5326,0.4309
98.0,8,160,0.4859,0.4949,0.5331,0.4297
98.0,8,320,0.4773,0.4829,0.5256,0.4232
98.0,10,0,0.4745,0.4695,0.5207,0.4332
98.0,10,10,0.4871,0.4895,0.5327,0.439
98.0,10,20,0.4917,0.5,0.5358,0.4393
98.0,10,40,0.4942,0.5058,0.5392,0.4377
98.0,10,80,0.4929,0.5106,0.5364,0.4318
98.0,10,160,0.4893,0.5,0.5366,0.4314
98.0,10,320,0.4804,0.4874,0.529,0.4247
98.0,12,0,0.4789,0.4766,0.5247,0.4354
98.0,12,10,0.4908,0.4955,0.5361,0.4408
98.0,12,20,0.4951,0.5054,0.5387,0.4411
98.0,12,40,0.4976,0.5108,0.5418,0.4402
98.0,12,80,0.4962,0.5154,0.5386,0.4346
98.0,12,160,0.4929,0.5049,0.5393,0.4344
98.0,12,320,0.484,0.4922,0.5304,0.4295
98.0,14,0,0.4831,0.4821,0.5284,0.4388
98.0,14,10,0.4946,0.5004,0.5391,0.4442
98.0,14,20,0.4985,0.5094,0.5416,0.4446
98.0,14,40,0.5011,0.5151,0.5442,0.444
98.0,14,80,0.5003,0.5202,0.5416,0.4391
98.0,14,160,0.4951,0.506,0.5412,0.4382
98.0,14,320,0.489,0.499,0.5319,0.4361
98.0,16,0,0.4852,0.4871,0.5294,0.4392
98.0,16,10,0.4962,0.5047,0.5393,0.4446
98.0,16,20,0.5003,0.5139,0.5414,0.4457
98.0,16,40,0.5026,0.5189,0.5439,0.4452
98.0,16,80,0.5011,0.5203,0.5417,0.4412
98.0,16,160,0.498,0.5123,0.5402,0.4416
98.0,16,320,0.4892,0.4989,0.5306,0.4379
98.0,18,0,0.4801,0.4834,0.524,0.4329
98.0,18,10,0.4902,0.4992,0.5331,0.4382
98.0,18,20,0.4938,0.5074,0.5351,0.4388
98.0,18,40,0.4967,0.5129,0.5379,0.4393
98.0,18,80,0.4956,0.5143,0.5354,0.437
98.0,18,160,0.4923,0.5065,0.5321,0.4383
98.0,18,320,0.4823,0.4853,0.5239,0.4378
98.0,20,0,0.4622,0.4632,0.5059,0.4174
98.0,20,10,0.4714,0.4773,0.5142,0.4227
98.0,20,20,0.4749,0.4847,0.5163,0.4239
98.0,20,40,0.4774,0.4884,0.5184,0.4254
98.0,20,80,0.4774,0.4903,0.5185,0.4233
98.0,20,160,0.4751,0.4844,0.5141,0.4269
98.0,20,320,0.466,0.4645,0.5095,0.424
98.0,22,0,0.4325,0.4331,0.4752,0.3891
98.0,22,10,0.441,0.4457,0.4827,0.3945
98.0,22,20,0.4443,0.4522,0.4846,0.3962
98.0,22,40,0.4463,0.4543,0.4865,0.3982
98.0,22,80,0.4463,0.4581,0.4866,0.3943
98.0,22,160,0.4436,0.4471,0.4848,0.3989
98.0,22,320,0.4334,0.4356,0.4764,0.3882
100.0,0,0,0.4229,0.4483,0.4456,0.3749
100.0,0,10,0.4403,0.4766,0.4605,0.3838
100.0,0,20,0.4483,0.4931,0.4655,0.3862
100.0,0,40,0.4546,0.5041,0.4724,0.3872
100.0,0,80,0.4576,0.5105,0.4764,0.3858
100.0,0,160,0.453,0.4947,0.4785,0.3859
100.0,0,320,0.4407,0.4719,0.471,0.3793
100.0,2,0,0.4277,0.4508,0.4501,0.3823
100.0,2,10,0.4449,0.479,0.4649,0.3908
100.0,2,20,0.4524,0.4949,0.4696,0.3925
100.0,2,40,0.4581,0.5052,0.4764,0.3927
100.0,2,80,0.4602,0.511,0.4798,0.3898
100.0,2,160,0.4549,0.4948,0.4814,0.3887
100.0,2,320,0.4422,0.472,0.4729,0.3816
100.0,4,0,0.4397,0.4617,0.4665,0.391
100.0,4,10,0.4555,0.4874,0.4806,0.3986
100.0,4,20,0.4619,0.5012,0.4846,0.3999
100.0,4,40,0.4665,0.5097,0.4906,0.399
100.0,4,80,0.4664,0.514,0.4911,0.3943
100.0,4,160,0.4598,0.4982,0.4893,0.392
100.0,4,320,0.4452,0.4729,0.4794,0.3835
100.0,6,0,0.4478,0.4689,0.4796,0.3948
100.0,6,10,0.4625,0.4931,0.4925,0.4017
100.0,6,20,0.4679,0.5057,0.4956,0.4024
100.0,6,40,0.4716,0.5131,0.5008,0.4009
100.0,6,80,0.471,0.5178,0.4994,0.3958
100.0,6,160,0.4632,0.5013,0.4955,0.3929
100.0,6,320,0.4477,0.4747,0.4834,0.3849
100.0,8,0,0.4526,0.4751,0.4861,0.3968
100.0,8,10,0.4662,0.4979,0.4977,0.403
100.0,8,20,0.4712,0.5096,0.5006,0.4034
100.0,8,40,0.4747,0.5172,0.505,0.4019
100.0,8,80,0.4733,0.5207,0.5026,0.3965
100.0,8,160,0.4651,0.5039,0.4981,0.3932
100.0,8,320,0.4498,0.4775,0.4863,0.3854
100.0,10,0,0.4574,0.4825,0.491,0.3987
100.0,10,10,0.4701,0.5041,0.5019,0.4044
100.0,10,20,0.4751,0.5154,0.5047,0.4051
100.0,10,40,0.4783,0.5229,0.5091,0.403
100.0,10,80,0.4765,0.5262,0.5059,0.3974
100.0,10,160,0.4681,0.5081,0.5016,0.3946
100.0,10,320,0.4523,0.4814,0.4868,0.3888
100.0,12,0,0.4617,0.4893,0.4948,0.401
100.0,12,10,0.4736,0.5096,0.5048,0.4064
100.0,12,20,0.4783,0.5204,0.5075,0.4069
100.0,12,40,0.4812,0.527,0.5112,0.4055
100.0,12,80,0.4797,0.53,0.5084,0.4007
100.0,12,160,0.4708,0.5103,0.5044,0.3979
100.0,12,320,0.4551,0.4854,0.4884,0.3916
100.0,14,0,0.4657,0.4945,0.4978,0.4049
100.0,14,10,0.4772,0.514,0.5074,0.4103
100.0,14,20,0.4814,0.5237,0.5097,0.4109
100.0,14,40,0.4847,0.5313,0.5129,0.4099
100.0,14,80,0.4833,0.5338,0.5111,0.4051
100.0,14,160,0.4732,0.5119,0.505,0.4027
100.0,14,320,0.4592,0.4888,0.4888,0.4001
100.0,16,0,0.4677,0.4988,0.4986,0.4057
100.0,16,10,0.4786,0.5174,0.5074,0.4111
100.0,16,20,0.4829,0.5269,0.5094,0.4126
100.0,16,40,0.4861,0.5337,0.5127,0.4118
100.0,16,80,0.4837,0.5327,0.5098,0.4086
100.0,16,160,0.4766,0.5178,0.5031,0.4089
100.0,16,320,0.4625,0.4917,0.489,0.4067
100.0,18,0,0.4628,0.4945,0.4937,0.4001
100.0,18,10,0.473,0.5115,0.5019,0.4054
100.0,18,20,0.4768,0.5201,0.5039,0.4065
100.0,18,40,0.4801,0.5266,0.5073,0.4065
100.0,18,80,0.4785,0.526,0.5042,0.4052
100.0,18,160,0.4712,0.5133,0.4944,0.4059
100.0,18,320,0.4599,0.4866,0.4839,0.4091
100.0,20,0,0.4452,0.4731,0.477,0.3856
100.0,20,10,0.4545,0.4882,0.4843,0.3909
100.0,20,20,0.4582,0.4955,0.4865,0.3926
100.0,20,40,0.461,0.5012,0.4883,0.3935
100.0,20,80,0.4591,0.4997,0.4843,0.3934
100.0,20,160,0.4539,0.4908,0.4769,0.394
100.0,20,320,0.4403,0.4636,0.4691,0.3881
100.0,22,0,0.4161,0.4413,0.4481,0.3587
100.0,22,10,0.4244,0.4544,0.4546,0.3643
100.0,22,20,0.4278,0.4603,0.4566,0.3665
100.0,22,40,0.4301,0.4645,0.4582,0.3677
100.0,22,80,0.4281,0.4624,0.4579,0.364
100.0,22,160,0.4217,0.4512,0.4465,0.3674
100.0,22,320,0.4086,0.4289,0.443,0.3538
102.0,0,0,0.4041,0.4598,0.4129,0.3397
102.0,0,10,0.4214,0.4888,0.426,0.3494
102.0,0,20,0.4291,0.5051,0.4309,0.3513
102.0,0,40,0.4336,0.5132,0.4362,0.3513
102.0,0,80,0.436,0.5179,0.4402,0.3499
102.0,0,160,0.4276,0.496,0.4341,0.3528
102.0,0,320,0.4113,0.4664,0.4252,0.3423
102.0,2,0,0.4086,0.462,0.4172,0.3467
102.0,2,10,0.4256,0.4908,0.4302,0.3557
102.0,2,20,0.4328,0.5064,0.4348,0.3572
102.0,2,40,0.4367,0.5137,0.4401,0.3563
102.0,2,80,0.4384,0.5181,0.4435,0.3538
102.0,2,160,0.4295,0.4961,0.4365,0.356
102.0,2,320,0.4122,0.4665,0.4264,0.3436
102.0,4,0,0.4198,0.4721,0.4324,0.3549
102.0,4,10,0.4354,0.4981,0.4448,0.3632
102.0,4,20,0.4415,0.5114,0.4491,0.3642
102.0,4,40,0.4441,0.5172,0.4533,0.3618
102.0,4,80,0.4441,0.5209,0.4535,0.3579
102.0,4,160,0.4342,0.4999,0.4439,0.3587
102.0,4,320,0.415,0.4685,0.4317,0.345
102.0,6,0,0.4273,0.4788,0.4447,0.3585
102.0,6,10,0.4417,0.5031,0.456,0.366
102.0,6,20,0.4471,0.5153,0.4595,0.3664
102.0,6,40,0.4489,0.5203,0.463,0.3635
102.0,6,80,0.4483,0.5238,0.4617,0.3593
102.0,6,160,0.4369,0.5023,0.4487,0.3595
102.0,6,320,0.4177,0.4712,0.4354,0.3466
102.0,8,0,0.4317,0.4843,0.4502,0.3604
102.0,8,10,0.4449,0.5071,0.4605,0.3673
102.0,8,20,0.4501,0.5189,0.4639,0.3674
102.0,8,40,0.4516,0.5238,0.4666,0.3644
102.0,8,80,0.45,0.5259,0.4642,0.3601
102.0,8,160,0.4385,0.5044,0.4514,0.3597
102.0,8,320,0.4192,0.4729,0.4368,0.3478
102.0,10,0,0.436,0.4912,0.4546,0.3621
102.0,10,10,0.4486,0.513,0.4643,0.3686
102.0,10,20,0.4538,0.5249,0.4678,0.3689
102.0,10,40,0.4549,0.5292,0.4699,0.3655
102.0,10,80,0.4534,0.5311,0.468,0.3613
102.0,10,160,0.4413,0.5073,0.4547,0.362
102.0,10,320,0.4212,0.4769,0.4374,0.3493
102.0,12,0,0.4399,0.4973,0.4579,0.3644
102.0,12,10,0.4518,0.5177,0.467,0.3706
102.0,12,20,0.4566,0.529,0.4698,0.3709
102.0,12,40,0.4575,0.5324,0.4714,0.3686
102.0,12,80,0.4562,0.5339,0.4704,0.3642
102.0,12,160,0.4438,0.5093,0.4566,0.3655
102.0,12,320,0.4237,0.4791,0.4391,0.3528
102.0,14,0,0.4437,0.5019,0.4607,0.3685
102.0,14,10,0.4551,0.5213,0.4694,0.3746
102.0,14,20,0.4593,0.5309,0.4718,0.3752
102.0,14,40,0.4605,0.5352,0.473,0.3733
102.0,14,80,0.4589,0.5358,0.4719,0.3689
102.0,14,160,0.4475,0.5139,0.4573,0.3712
102.0,14,320,0.4285,0.486,0.44,0.3595
102.0,16,0,0.4454,0.5052,0.4616,0.3694
102.0,16,10,0.4563,0.5236,0.4696,0.3758
102.0,16,20,0.4603,0.5331,0.4714,0.3765
102.0,16,40,0.4612,0.5358,0.4725,0.3752
102.0,16,80,0.4595,0.534,0.4715,0.3728
102.0,16,160,0.4503,0.5186,0.4549,0.3775
102.0,16,320,0.4293,0.4838,0.4404,0.3637
102.0,18,0,0.4404,0.4997,0.4576,0.364
102.0,18,10,0.4505,0.5165,0.465,0.3701
102.0,18,20,0.4542,0.5245,0.467,0.3711
102.0,18,40,0.4553,0.5271,0.4678,0.371
102.0,18,80,0.4539,0.5261,0.4661,0.3695
102.0,18,160,0.4457,0.5108,0.4499,0.3764
102.0,18,320,0.425,0.48,0.4353,0.3598
102.0,20,0,0.4233,0.4774,0.442,0.3504
102.0,20,10,0.4325,0.4921,0.4488,0.3567
102.0,20,20,0.4358,0.4985,0.4508,0.358
102.0,20,40,0.4365,0.5014,0.45,0.3582
102.0,20,80,0.4348,0.4977,0.4477,0.359
102.0,20,160,0.4275,0.4848,0.4337,0.364
102.0,20,320,0.4068,0.4595,0.421,0.3399
102.0,22,0,0.3951,0.4441,0.4156,0.3256
102.0,22,10,0.4037,0.4572,0.4218,0.3321
102.0,22,20,0.4063,0.4624,0.4228,0.3336
102.0,22,40,0.4072,0.4643,0.4236,0.3336
102.0,22,80,0.4042,0.4611,0.4215,0.33
102.0,22,160,0.3952,0.4397,0.4118,0.3343
102.0,22,320,0.371,0.4149,0.396,0.3021
104.0,0,0,0.3839,0.4698,0.3789,0.3031
104.0,0,10,0.4006,0.4994,0.3906,0.3118
104.0,0,20,0.4074,0.5125,0.3951,0.3147
104.0,0,40,0.4113,0.519,0.3982,0.3165
104.0,0,80,0.411,0.5211,0.3977,0.3141
104.0,0,160,0.4021,0.4995,0.3922,0.3145
104.0,0,320,0.3786,0.4658,0.3728,0.2971
104.0,2,0,0.3882,0.4719,0.3831,0.3096
104.0,2,10,0.4045,0.501,0.3948,0.3177
104.0,2,20,0.4109,0.5136,0.3989,0.3201
104.0,2,40,0.4142,0.5192,0.4021,0.3215
104.0,2,80,0.4135,0.5213,0.4007,0.3185
104.0,2,160,0.4036,0.4995,0.3942,0.3172
104.0,2,320,0.3794,0.4658,0.3738,0.2986
104.0,4,0,0.3985,0.4809,0.3972,0.3175
104.0,4,10,0.4134,0.5069,0.4085,0.3249
104.0,4,20,0.4191,0.5178,0.4127,0.3267
104.0,4,40,0.4211,0.5219,0.4153,0.3262
104.0,4,80,0.4187,0.5238,0.4106,0.3218
104.0,4,160,0.4074,0.5016,0.4009,0.3196
104.0,4,320,0.3824,0.4679,0.3792,0.3001
104.0,6,0,0.4055,0.487,0.4087,0.3208
104.0,6,10,0.4194,0.5113,0.4193,0.3274
104.0,6,20,0.4243,0.5217,0.4228,0.3284
104.0,6,40,0.426,0.5252,0.4249,0.3278
104.0,6,80,0.4224,0.5267,0.4175,0.3228
104.0,6,160,0.4099,0.5036,0.4057,0.3205
104.0,6,320,0.3846,0.4707,0.3815,0.3017
104.0,8,0,0.4094,0.4919,0.4138,0.3225
104.0,8,10,0.4223,0.5148,0.4235,0.3287
104.0,8,20,0.4272,0.5248,0.4271,0.3295
104.0,8,40,0.428,0.5277,0.4279,0.3285
104.0,8,80,0.4241,0.5287,0.4198,0.3237
104.0,8,160,0.4112,0.5053,0.407,0.3212
104.0,8,320,0.3852,0.4723,0.3815,0.3018
104.0,10,0,0.4134,0.4981,0.4178,0.3242
104.0,10,10,0.4258,0.5201,0.4272,0.33
104.0,10,20,0.4305,0.53,0.4305,0.3309
104.0,10,40,0.4307,0.5316,0.4307,0.3299
104.0,10,80,0.4268,0.5326,0.4231,0.3247
104.0,10,160,0.4141,0.5078,0.4104,0.3241
104.0,10,320,0.3873,0.4763,0.3816,0.3042
104.0,12,0,0.4169,0.5035,0.4207,0.3266
104.0,12,10,0.4285,0.5239,0.4293,0.3322
104.0,12,20,0.4331,0.5338,0.4322,0.3334
104.0,12,40,0.4332,0.535,0.4312,0.3333
104.0,12,80,0.4293,0.5348,0.4246,0.3284
104.0,12,160,0.4166,0.5089,0.4124,0.3284
104.0,12,320,0.389,0.4771,0.3816,0.3081
104.0,14,0,0.4204,0.5071,0.4233,0.3307
104.0,14,10,0.4313,0.5263,0.4315,0.3363
104.0,14,20,0.4354,0.5348,0.4336,0.3379
104.0,14,40,0.4361,0.5373,0.4335,0.3374
104.0,14,80,0.4316,0.5359,0.4263,0.3325
104.0,14,160,0.42,0.5113,0.4138,0.3349
104.0,14,320,0.3927,0.4824,0.3814,0.3145
104.0,16,0,0.4217,0.5093,0.4242,0.3317
104.0,16,10,0.4322,0.5274,0.4318,0.3374
104.0,16,20,0.4364,0.5357,0.4341,0.3393
104.0,16,40,0.436,0.5362,0.4335,0.3383
104.0,16,80,0.4319,0.5344,0.4254,0.3361
104.0,16,160,0.421,0.5114,0.4141,0.3373
104.0,16,320,0.3914,0.4777,0.38,0.3167
104.0,18,0,0.4168,0.5029,0.421,0.3267
104.0,18,10,0.4262,0.5189,0.4277,0.332
104.0,18,20,0.4301,0.526,0.43,0.3344
104.0,18,40,0.4302,0.5265,0.4298,0.3343
104.0,18,80,0.4266,0.5242,0.421,0.3345
104.0,18,160,0.4167,0.5043,0.4102,0.3357
104.0,18,320,0.3824,0.4676,0.3758,0.3037
104.0,20,0,0.4004,0.4798,0.407,0.3143
104.0,20,10,0.4089,0.4936,0.4132,0.3199
104.0,20,20,0.412,0.4988,0.4154,0.3219
104.0,20,40,0.4125,0.501,0.4133,0.3232
104.0,20,80,0.408,0.4951,0.4058,0.323
104.0,20,160,0.3968,0.4739,0.3945,0.3219
104.0,20,320,0.3639,0.4467,0.3639,0.281
104.0,22,0,0.3731,0.4448,0.3829,0.2916
104.0,22,10,0.3808,0.4566,0.3883,0.2975
104.0,22,20,0.3828,0.4605,0.3888,0.2992
104.0,22,40,0.3823,0.4596,0.3882,0.2992
104.0,22,80,0.3781,0.4555,0.3834,0.2953
104.0,22,160,0.3638,0.428,0.3725,0.2908
104.0,22,320,0.3287,0.3966,0.3406,0.2489
106.0,0,0,0.364,0.4756,0.3456,0.2707
106.0,0,10,0.38,0.5046,0.3556,0.2799
106.0,0,20,0.3859,0.5166,0.3585,0.2825
106.0,0,40,0.3861,0.5163,0.359,0.2831
106.0,0,80,0.3854,0.5155,0.3578,0.2829
106.0,0,160,0.3718,0.4916,0.3477,0.2763
106.0,0,320,0.3481,0.4515,0.3312,0.2615
106.0,2,0,0.368,0.4774,0.3496,0.2769
106.0,2,10,0.3836,0.5057,0.3594,0.2857
106.0,2,20,0.3891,0.5174,0.3622,0.2878
106.0,2,40,0.3887,0.5164,0.3621,0.2877
106.0,2,80,0.3875,0.5155,0.36,0.2872
106.0,2,160,0.3731,0.4916,0.3489,0.2788
106.0,2,320,0.3493,0.4515,0.3318,0.2647
106.0,4,0,0.3776,0.4855,0.3627,0.2845
106.0,4,10,0.3919,0.5103,0.3727,0.2927
106.0,4,20,0.3966,0.5206,0.3754,0.2939
106.0,4,40,0.3952,0.519,0.3745,0.292
106.0,4,80,0.3931,0.5185,0.3704,0.2903
106.0,4,160,0.376,0.4932,0.3543,0.2807
106.0,4,320,0.3512,0.452,0.3362,0.2654
106.0,6,0,0.384,0.4909,0.3736,0.2875
106.0,6,10,0.3974,0.5142,0.3832,0.2949
106.0,6,20,0.4018,0.5243,0.3855,0.2955
106.0,6,40,0.3997,0.5221,0.3837,0.2933
106.0,6,80,0.396,0.5205,0.376,0.2914
106.0,6,160,0.3782,0.4946,0.3585,0.2815
106.0,6,320,0.3525,0.4532,0.3367,0.2675
106.0,8,0,0.3875,0.4952,0.3783,0.2891
106.0,8,10,0.4001,0.5172,0.3871,0.2961
106.0,8,20,0.4042,0.5269,0.3892,0.2965
106.0,8,40,0.4014,0.5238,0.3863,0.2942
106.0,8,80,0.3975,0.522,0.3783,0.292
106.0,8,160,0.3793,0.4954,0.3604,0.2822
106.0,8,320,0.3529,0.4544,0.3367,0.2676
106.0,10,0,0.3911,0.5008,0.3818,0.2907
106.0,10,10,0.4032,0.5219,0.3904,0.2974
106.0,10,20,0.4068,0.5308,0.3921,0.2977
106.0,10,40,0.4041,0.5276,0.3894,0.2953
106.0,10,80,0.4002,0.5257,0.3811,0.2936
106.0,10,160,0.3819,0.4978,0.3624,0.2854
106.0,10,320,0.355,0.4603,0.3367,0.2681
106.0,12,0,0.3943,0.5054,0.3845,0.2929
106.0,12,10,0.4057,0.5253,0.3924,0.2995
106.0,12,20,0.4095,0.5343,0.3942,0.2999
106.0,12,40,0.4066,0.5305,0.3908,0.2984
106.0,12,80,0.4027,0.5282,0.3824,0.2975
106.0,12,160,0.3833,0.498,0.3628,0.2892
106.0,12,320,0.3558,0.4617,0.3367,0.2689
106.0,14,0,0.3973,0.5084,0.3867,0.2967
106.0,14,10,0.4081,0.5271,0.394,0.3031
106.0,14,20,0.4113,0.5349,0.3952,0.3038
106.0,14,40,0.4088,0.5319,0.3925,0.302
106.0,14,80,0.4039,0.5281,0.3833,0.3004
106.0,14,160,0.3863,0.5,0.3631,0.2957
106.0,14,320,0.3573,0.4597,0.3365,0.2755
106.0,16,0,0.3984,0.5098,0.3877,0.2976
106.0,16,10,0.4084,0.5269,0.3943,0.304
106.0,16,20,0.4115,0.5343,0.3958,0.3043
106.0,16,40,0.4087,0.5297,0.393,0.3035
106.0,16,80,0.4041,0.5242,0.3835,0.3046
106.0,16,160,0.3873,0.4996,0.3643,0.2981
106.0,16,320,0.3555,0.4558,0.3348,0.2759
106.0,18,0,0.3936,0.5027,0.3853,0.2928
106.0,18,10,0.4027,0.5177,0.3912,0.2991
106.0,18,20,0.4053,0.5238,0.3927,0.2995
106.0,18,40,0.4026,0.5195,0.3892,0.2992
106.0,18,80,0.4002,0.5171,0.3813,0.3022
106.0,18,160,0.3821,0.4884,0.3607,0.2972
106.0,18,320,0.3438,0.4469,0.3287,0.256
106.0,20,0,0.3775,0.4785,0.3724,0.2815
106.0,20,10,0.3856,0.4914,0.3778,0.2877
106.0,20,20,0.3873,0.4957,0.3781,0.2882
106.0,20,40,0.3852,0.4918,0.3747,0.2889
106.0,20,80,0.382,0.4913,0.367,0.2878
106.0,20,160,0.3652,0.4623,0.3509,0.2825
106.0,20,320,0.3241,0.4168,0.3187,0.2368
106.0,22,0,0.3513,0.4421,0.351,0.2607
106.0,22,10,0.358,0.4528,0.3553,0.2659
106.0,22,20,0.359,0.4564,0.3547,0.266
106.0,22,40,0.3563,0.4515,0.3528,0.2646
106.0,22,80,0.3538,0.449,0.3498,0.2625
106.0,22,160,0.3272,0.4072,0.3312,0.2431
106.0,22,320,0.2906,0.3756,0.2937,0.2025
108.0,0,0,0.3449,0.479,0.3107,0.245
108.0,0,10,0.3596,0.5052,0.3198,0.2537
108.0,0,20,0.3637,0.5135,0.3219,0.2555
108.0,0,40,0.3636,0.5127,0.3242,0.2538
108.0,0,80,0.3612,0.5098,0.3212,0.2527
108.0,0,160,0.3417,0.4723,0.3017,0.2511
108.0,0,320,0.3114,0.4237,0.2795,0.231
108.0,2,0,0.3488,0.4807,0.3145,0.2512
108.0,2,10,0.3631,0.5063,0.3232,0.2597
108.0,2,20,0.3668,0.5143,0.3252,0.261
108.0,2,40,0.3663,0.5128,0.3274,0.2588
108.0,2,80,0.363,0.5098,0.3226,0.2566
108.0,2,160,0.3427,0.4723,0.3024,0.2533
108.0,2,320,0.3127,0.4237,0.2807,0.2338
108.0,4,0,0.3575,0.4873,0.3267,0.2586
108.0,4,10,0.3709,0.5101,0.3362,0.2665
108.0,4,20,0.3741,0.5168,0.3384,0.267
108.0,4,40,0.3721,0.5147,0.339,0.2626
108.0,4,80,0.368,0.5114,0.3325,0.2601
108.0,4,160,0.3449,0.473,0.3064,0.2552
108.0,4,320,0.3137,0.4241,0.2827,0.2344
108.0,6,0,0.3635,0.492,0.3369,0.2614
108.0,6,10,0.376,0.5134,0.3464,0.2683
108.0,6,20,0.3787,0.5198,0.3479,0.2685
108.0,6,40,0.3761,0.5167,0.348,0.2638
108.0,6,80,0.3702,0.5129,0.3368,0.2609
108.0,6,160,0.3469,0.4743,0.3092,0.2571
108.0,6,320,0.3147,0.4249,0.2827,0.2365
108.0,8,0,0.3665,0.4956,0.3411,0.2628
108.0,8,10,0.3783,0.5158,0.3496,0.2694
108.0,8,20,0.3807,0.5217,0.3509,0.2694
108.0,8,40,0.3776,0.5181,0.3498,0.2649
108.0,8,80,0.3711,0.5143,0.3381,0.2609
108.0,8,160,0.3482,0.4755,0.3102,0.259
108.0,8,320,0.3148,0.4251,0.2827,0.2365
108.0,10,0,0.3697,0.5006,0.3441,0.2643
108.0,10,10,0.3811,0.5202,0.3524,0.2708
108.0,10,20,0.3834,0.5256,0.3535,0.2712
108.0,10,40,0.3798,0.5214,0.352,0.2661
108.0,10,80,0.3734,0.5167,0.3398,0.2638
108.0,10,160,0.3502,0.478,0.3114,0.2611
108.0,10,320,0.3164,0.4298,0.2827,0.2366
108.0,12,0,0.3725,0.5046,0.3465,0.2663
108.0,12,10,0.3834,0.5232,0.3542,0.2728
108.0,12,20,0.3856,0.5282,0.3551,0.2733
108.0,12,40,0.3822,0.5238,0.353,0.2697
108.0,12,80,0.3758,0.5194,0.3414,0.2666
108.0,12,160,0.3513,0.4785,0.3116,0.2638
108.0,12,320,0.3164,0.4298,0.2827,0.2367
108.0,14,0,0.3751,0.5069,0.3483,0.2699
108.0,14,10,0.3853,0.5242,0.3554,0.2763
108.0,14,20,0.3874,0.5286,0.3565,0.277
108.0,14,40,0.3837,0.524,0.3538,0.2733
108.0,14,80,0.3767,0.5186,0.3417,0.2699
108.0,14,160,0.3525,0.478,0.3125,0.267
108.0,14,320,0.3165,0.4278,0.2826,0.239
108.0,16,0,0.3757,0.5071,0.3494,0.2706
108.0,16,10,0.3851,0.5228,0.3558,0.2767
108.0,16,20,0.3868,0.5267,0.357,0.2769
108.0,16,40,0.3829,0.5207,0.3541,0.2738
108.0,16,80,0.3759,0.5135,0.3419,0.2723
108.0,16,160,0.3527,0.478,0.3119,0.2681
108.0,16,320,0.3149,0.4239,0.2819,0.239
108.0,18,0,0.371,0.4991,0.3476,0.2662
108.0,18,10,0.3792,0.5124,0.3532,0.2722
108.0,18,20,0.3806,0.5155,0.3543,0.2719
108.0,18,40,0.3774,0.5098,0.3507,0.2718
108.0,18,80,0.3712,0.5064,0.3386,0.2686
108.0,18,160,0.3475,0.469,0.3102,0.2632
108.0,18,320,0.3048,0.4177,0.2792,0.2175
108.0,20,0,0.3557,0.4745,0.3367,0.2559
108.0,20,10,0.3629,0.4856,0.3416,0.2615
108.0,20,20,0.3633,0.4877,0.3411,0.261
108.0,20,40,0.3605,0.4828,0.3374,0.2614
108.0,20,80,0.3552,0.479,0.3308,0.2559
108.0,20,160,0.3299,0.4422,0.3007,0.2468
108.0,20,320,0.2863,0.3936,0.2686,0.1968
108.0,22,0,0.3303,0.4363,0.3179,0.2367
108.0,22,10,0.3358,0.4455,0.3209,0.2411
108.0,22,20,0.3359,0.4466,0.3208,0.2404
108.0,22,40,0.3318,0.4413,0.3181,0.2361
108.0,22,80,0.3257,0.4356,0.3153,0.2264
108.0,22,160,0.2935,0.3887,0.2838,0.208
108.0,22,320,0.2485,0.3353,0.2503,0.1599
110.0,0,0,0.3263,0.4785,0.2759,0.2245
110.0,0,10,0.339,0.5016,0.2828,0.2327
110.0,0,20,0.3421,0.5072,0.283,0.236
110.0,0,40,0.3402,0.5028,0.2812,0.2365
110.0,0,80,0.3356,0.5003,0.2766,0.2298
110.0,0,160,0.3168,0.4607,0.259,0.2306
110.0,0,320,0.2715,0.3996,0.2271,0.1878
110.0,2,0,0.33,0.4799,0.2795,0.2306
110.0,2,10,0.3424,0.5024,0.2861,0.2387
110.0,2,20,0.3452,0.5078,0.2863,0.2414
110.0,2,40,0.3428,0.5028,0.2838,0.2418
110.0,2,80,0.3373,0.5003,0.2777,0.2338
110.0,2,160,0.3177,0.4607,0.2594,0.233
110.0,2,320,0.2724,0.3996,0.2272,0.1904
110.0,4,0,0.3381,0.4854,0.2911,0.2377
110.0,4,10,0.3498,0.5053,0.2988,0.2452
110.0,4,20,0.352,0.5098,0.299,0.2471
110.0,4,40,0.3482,0.5045,0.2945,0.2455
110.0,4,80,0.3414,0.5014,0.2855,0.2372
110.0,4,160,0.3199,0.4612,0.2634,0.2351
110.0,4,320,0.2733,0.4,0.2289,0.191
110.0,6,0,0.3435,0.4895,0.3007,0.2403
110.0,6,10,0.3545,0.5084,0.308,0.2469
110.0,6,20,0.3561,0.5125,0.3075,0.2484
110.0,6,40,0.3512,0.5064,0.301,0.2463
110.0,6,80,0.3432,0.5034,0.2882,0.2381
110.0,6,160,0.3212,0.4625,0.2637,0.2375
110.0,6,320,0.2742,0.4008,0.2289,0.193
110.0,8,0,0.3462,0.4925,0.3043,0.2417
110.0,8,10,0.3564,0.5103,0.311,0.248
110.0,8,20,0.3578,0.514,0.31,0.2495
110.0,8,40,0.3525,0.5079,0.302,0.2476
110.0,8,80,0.3439,0.5039,0.2887,0.2391
110.0,8,160,0.3218,0.4628,0.2646,0.2379
110.0,8,320,0.2743,0.401,0.2289,0.193
110.0,10,0,0.349,0.497,0.3069,0.2433
110.0,10,10,0.3589,0.5142,0.313,0.2494
110.0,10,20,0.3601,0.5171,0.3117,0.2514
110.0,10,40,0.3546,0.5104,0.3035,0.2499
110.0,10,80,0.346,0.5067,0.2901,0.2412
110.0,10,160,0.323,0.4652,0.2647,0.2391
110.0,10,320,0.2752,0.4054,0.2289,0.1912
110.0,12,0,0.3515,0.5005,0.3089,0.245
110.0,12,10,0.3607,0.5169,0.3143,0.251
110.0,12,20,0.3617,0.5194,0.3126,0.2532
110.0,12,40,0.3569,0.5136,0.3044,0.2529
110.0,12,80,0.3482,0.5084,0.2916,0.2448
110.0,12,160,0.3241,0.466,0.2657,0.2406
110.0,12,320,0.2757,0.4053,0.2289,0.193
110.0,14,0,0.3535,0.5023,0.3103,0.2481
110.0,14,10,0.3621,0.5174,0.315,0.254
110.0,14,20,0.3631,0.5189,0.3137,0.2566
110.0,14,40,0.358,0.5132,0.3052,0.2555
110.0,14,80,0.3484,0.506,0.2917,0.2477
110.0,14,160,0.3251,0.4663,0.2656,0.2434
110.0,14,320,0.2757,0.4036,0.2288,0.1948
110.0,16,0,0.3539,0.5017,0.3113,0.2485
110.0,16,10,0.3617,0.5156,0.3156,0.254
110.0,16,20,0.3624,0.5172,0.3141,0.256
110.0,16,40,0.3564,0.5096,0.3051,0.2546
110.0,16,80,0.3475,0.5022,0.2915,0.249
110.0,16,160,0.3237,0.4622,0.2651,0.2438
110.0,16,320,0.2742,0.4011,0.2283,0.1931
110.0,18,0,0.349,0.4928,0.31,0.2443
110.0,18,10,0.356,0.5046,0.3138,0.2495
110.0,18,20,0.3563,0.5055,0.3124,0.2509
110.0,18,40,0.3515,0.4986,0.3037,0.2522
110.0,18,80,0.3424,0.4926,0.2891,0.2456
110.0,18,160,0.3192,0.455,0.264,0.2387
110.0,18,320,0.2644,0.3953,0.2265,0.1713
110.0,20,0,0.3343,0.4674,0.3007,0.2347
110.0,20,10,0.3401,0.4772,0.3036,0.2393
110.0,20,20,0.3399,0.4776,0.3017,0.2403
110.0,20,40,0.3368,0.4723,0.296,0.2421
110.0,20,80,0.3264,0.4651,0.2821,0.232
110.0,20,160,0.2979,0.4231,0.2565,0.2141
110.0,20,320,0.2468,0.3696,0.2159,0.1549
110.0,22,0,0.3098,0.4283,0.2842,0.217
110.0,22,10,0.3139,0.4357,0.2857,0.2204
110.0,22,20,0.3129,0.4358,0.2831,0.2199
110.0,22,40,0.3089,0.4293,0.2791,0.2183
110.0,22,80,0.2969,0.4226,0.267,0.2009
110.0,22,160,0.2677,0.3752,0.2416,0.1864
110.0,22,320,0.2157,0.3173,0.2019,0.1278
112.0,0,0,0.3082,0.4734,0.2426,0.2084
112.0,0,10,0.3193,0.4933,0.2483,0.2163
112.0,0,20,0.3214,0.4958,0.248,0.2205
112.0,0,40,0.3195,0.4909,0.2469,0.2207
112.0,0,80,0.31,0.482,0.2355,0.2127
112.0,0,160,0.2872,0.4415,0.2181,0.2021
112.0,0,320,0.236,0.3672,0.1834,0.1575
112.0,2,0,0.3118,0.4745,0.2461,0.2148
112.0,2,10,0.3225,0.4938,0.2514,0.2223
112.0,2,20,0.3244,0.496,0.251,0.2262
112.0,2,40,0.3223,0.4909,0.2489,0.227
112.0,2,80,0.3119,0.482,0.2368,0.217
112.0,2,160,0.288,0.4415,0.219,0.2035
112.0,2,320,0.2369,0.3672,0.1836,0.1599
112.0,4,0,0.3192,0.4789,0.2572,0.2217
112.0,4,10,0.3294,0.4961,0.2634,0.2286
112.0,4,20,0.3308,0.4977,0.2632,0.2316
112.0,4,40,0.3272,0.4923,0.2589,0.2304
112.0,4,80,0.3147,0.4827,0.2415,0.2198
112.0,4,160,0.2896,0.4419,0.2217,0.2052
112.0,4,320,0.2376,0.3675,0.1849,0.1604
112.0,6,0,0.3242,0.4825,0.2659,0.224
112.0,6,10,0.3336,0.4989,0.2718,0.2301
112.0,6,20,0.3347,0.5,0.2712,0.2327
112.0,6,40,0.33,0.4947,0.2641,0.2312
112.0,6,80,0.3165,0.4842,0.2445,0.2206
112.0,6,160,0.29,0.4425,0.2217,0.206
112.0,6,320,0.2383,0.3678,0.1849,0.1623
112.0,8,0,0.3266,0.4851,0.2691,0.2254
112.0,8,10,0.3354,0.5005,0.2744,0.2314
112.0,8,20,0.3361,0.5013,0.273,0.234
112.0,8,40,0.3311,0.4958,0.2651,0.2324
112.0,8,80,0.3173,0.4847,0.2446,0.2226
112.0,8,160,0.2905,0.4428,0.2217,0.207
112.0,8,320,0.2384,0.368,0.1849,0.1623
112.0,10,0,0.3291,0.4891,0.2712,0.2269
112.0,10,10,0.3377,0.504,0.2759,0.2331
112.0,10,20,0.3382,0.5042,0.2744,0.2361
112.0,10,40,0.3332,0.4984,0.2668,0.2344
112.0,10,80,0.3194,0.4876,0.2457,0.2249
112.0,10,160,0.2924,0.4464,0.2217,0.209
112.0,10,320,0.2397,0.3718,0.1849,0.1624
112.0,12,0,0.3311,0.4919,0.273,0.2285
112.0,12,10,0.3392,0.5059,0.277,0.2347
112.0,12,20,0.3397,0.506,0.2749,0.2381
112.0,12,40,0.3349,0.5002,0.2672,0.2373
112.0,12,80,0.3206,0.4888,0.2457,0.2271
112.0,12,160,0.2925,0.4468,0.2217,0.2091
112.0,12,320,0.2403,0.3718,0.1849,0.1641
112.0,14,0,0.3327,0.4931,0.2738,0.2312
112.0,14,10,0.34,0.5059,0.2771,0.237
112.0,14,20,0.3406,0.5056,0.2755,0.2406
112.0,14,40,0.335,0.4993,0.2676,0.2382
112.0,14,80,0.3205,0.4862,0.2457,0.2295
112.0,14,160,0.2927,0.4469,0.2216,0.2097
112.0,14,320,0.2401,0.3714,0.1848,0.164
112.0,16,0,0.3325,0.4918,0.2744,0.2312
112.0,16,10,0.339,0.5035,0.2773,0.2362
112.0,16,20,0.3393,0.5031,0.2757,0.239
112.0,16,40,0.3333,0.4947,0.2673,0.238
112.0,16,80,0.3192,0.4825,0.2453,0.23
112.0,16,160,0.2928,0.4444,0.2212,0.2127
112.0,16,320,0.2388,0.3696,0.1844,0.1624
112.0,18,0,0.3275,0.4822,0.2733,0.227
112.0,18,10,0.3331,0.4921,0.2758,0.2313
112.0,18,20,0.3333,0.4906,0.2743,0.2349
112.0,18,40,0.3283,0.4841,0.2657,0.2351
112.0,18,80,0.3142,0.4731,0.2433,0.2263
112.0,18,160,0.2871,0.4358,0.2203,0.2051
112.0,18,320,0.2302,0.3621,0.1832,0.1454
112.0,20,0,0.3132,0.4563,0.2655,0.2177
112.0,20,10,0.3178,0.4647,0.2671,0.2216
112.0,20,20,0.3176,0.4642,0.2641,0.2245
112.0,20,40,0.314,0.4576,0.2593,0.2252
112.0,20,80,0.298,0.4462,0.2379,0.2098
112.0,20,160,0.2673,0.4014,0.2145,0.1861
112.0,20,320,0.2176,0.3445,0.1781,0.1304
112.0,22,0,0.2896,0.4169,0.2511,0.2007
112.0,22,10,0.2921,0.423,0.2502,0.2032
112.0,22,20,0.2911,0.4219,0.2472,0.2043
112.0,22,40,0.2871,0.4149,0.2442,0.2022
112.0,22,80,0.2704,0.4037,0.2254,0.182
112.0,22,160,0.2396,0.3547,0.2007,0.1633
112.0,22,320,0.1896,0.2958,0.1668,0.1063
114.0,0,0,0.2898,0.4655,0.2103,0.1934
114.0,0,10,0.299,0.4814,0.2145,0.201
114.0,0,20,0.2989,0.4813,0.2105,0.205
114.0,0,40,0.295,0.4748,0.2109,0.1992
114.0,0,80,0.2826,0.4565,0.1994,0.1918
114.0,0,160,0.2583,0.4163,0.1711,0.1876
114.0,0,320,0.2066,0.3417,0.1478,0.1302
114.0,2,0,0.2933,0.4665,0.2136,0.2
114.0,2,10,0.3021,0.4817,0.2173,0.2074
114.0,2,20,0.3018,0.4815,0.213,0.2108
114.0,2,40,0.2976,0.4748,0.2127,0.2053
114.0,2,80,0.2842,0.4565,0.2002,0.196
114.0,2,160,0.259,0.4163,0.1721,0.1885
114.0,2,320,0.2075,0.3417,0.1479,0.1329
114.0,4,0,0.3002,0.4699,0.224,0.2066
114.0,4,10,0.3083,0.4834,0.2282,0.2134
114.0,4,20,0.3073,0.483,0.2229,0.2161
114.0,4,40,0.3018,0.4757,0.2211,0.2086
114.0,4,80,0.287,0.4579,0.2046,0.1986
114.0,4,160,0.2601,0.4167,0.1733,0.1902
114.0,4,320,0.2081,0.3419,0.1492,0.1333
114.0,6,0,0.3046,0.4732,0.2319,0.2088
114.0,6,10,0.312,0.4856,0.2355,0.2148
114.0,6,20,0.3104,0.485,0.2291,0.2173
114.0,6,40,0.304,0.4779,0.2247,0.2093
114.0,6,80,0.2882,0.4587,0.2063,0.1994
114.0,6,160,0.2605,0.4173,0.1733,0.1909
114.0,6,320,0.2088,0.3422,0.1492,0.1351
114.0,8,0,0.3066,0.4751,0.2345,0.2102
114.0,8,10,0.3134,0.4867,0.2375,0.216
114.0,8,20,0.3116,0.4859,0.2303,0.2185
114.0,8,40,0.3052,0.4784,0.2262,0.2112
114.0,8,80,0.2889,0.4592,0.2067,0.2009
114.0,8,160,0.261,0.4176,0.1733,0.192
114.0,8,320,0.2089,0.3424,0.1492,0.1351
114.0,10,0,0.3088,0.4786,0.2362,0.2117
114.0,10,10,0.3154,0.4897,0.2387,0.2178
114.0,10,20,0.3134,0.4884,0.2315,0.2204
114.0,10,40,0.3066,0.4807,0.2267,0.2125
114.0,10,80,0.2909,0.4624,0.2067,0.2035
114.0,10,160,0.2633,0.422,0.1733,0.1945
114.0,10,320,0.21,0.3458,0.1492,0.1351
114.0,12,0,0.3104,0.4805,0.2377,0.2131
114.0,12,10,0.3166,0.4912,0.2394,0.2194
114.0,12,20,0.3148,0.4897,0.2322,0.2224
114.0,12,40,0.308,0.4819,0.2271,0.2149
114.0,12,80,0.2917,0.463,0.2067,0.2053
114.0,12,160,0.2633,0.422,0.1733,0.1945
114.0,12,320,0.21,0.3458,0.1492,0.1351
114.0,14,0,0.3117,0.4813,0.2384,0.2154
114.0,14,10,0.3172,0.4908,0.2393,0.2214
114.0,14,20,0.3152,0.489,0.2323,0.2243
114.0,14,40,0.3077,0.4816,0.2272,0.2144
114.0,14,80,0.2923,0.4639,0.2067,0.2062
114.0,14,160,0.2628,0.4201,0.1733,0.1949
114.0,14,320,0.2095,0.3442,0.1492,0.135
114.0,16,0,0.3109,0.479,0.2388,0.215
114.0,16,10,0.3159,0.4879,0.2395,0.2202
114.0,16,20,0.3138,0.4857,0.2324,0.2232
114.0,16,40,0.306,0.4756,0.2269,0.2156
114.0,16,80,0.2905,0.4586,0.2063,0.2066
114.0,16,160,0.2618,0.4179,0.1729,0.1945
114.0,16,320,0.2087,0.3439,0.1488,0.1335
114.0,18,0,0.3061,0.4695,0.2379,0.2107
114.0,18,10,0.31,0.4765,0.2381,0.2155
114.0,18,20,0.3079,0.4738,0.2314,0.2187
114.0,18,40,0.301,0.466,0.2255,0.2114
114.0,18,80,0.2858,0.4497,0.2042,0.2035
114.0,18,160,0.2561,0.4089,0.172,0.1874
114.0,18,320,0.2048,0.3391,0.148,0.1274
114.0,20,0,0.2925,0.4443,0.2316,0.2016
114.0,20,10,0.2959,0.4507,0.2311,0.206
114.0,20,20,0.2943,0.449,0.2257,0.2081
114.0,20,40,0.2874,0.4405,0.2204,0.2013
114.0,20,80,0.2699,0.4245,0.2,0.1852
114.0,20,160,0.2392,0.3803,0.1666,0.1708
114.0,20,320,0.186,0.3157,0.1443,0.098
114.0,22,0,0.2699,0.4053,0.2189,0.1855
114.0,22,10,0.2712,0.409,0.2161,0.1886
114.0,22,20,0.2691,0.4068,0.2124,0.188
114.0,22,40,0.2619,0.3976,0.2095,0.1787
114.0,22,80,0.2447,0.3827,0.1899,0.1616
114.0,22,160,0.2102,0.3339,0.1561,0.1405
114.0,22,320,0.165,0.27,0.1356,0.0893
116.0,0,0,0.2739,0.4561,0.1843,0.1814
116.0,0,10,0.2812,0.4676,0.1875,0.1886
116.0,0,20,0.2793,0.4645,0.1837,0.1898
116.0,0,40,0.2727,0.4566,0.1793,0.1821
116.0,0,80,0.2576,0.4363,0.1581,0.1785
116.0,0,160,0.2335,0.3891,0.1393,0.1722
116.0,0,320,0.1805,0.3157,0.1187,0.1072
116.0,2,0,0.2774,0.4568,0.1873,0.1881
116.0,2,10,0.2844,0.4678,0.1902,0.1952
116.0,2,20,0.2821,0.4647,0.1859,0.1956
116.0,2,40,0.2751,0.4566,0.181,0.1878
116.0,2,80,0.2591,0.4363,0.1587,0.1822
116.0,2,160,0.2339,0.3891,0.1396,0.1732
116.0,2,320,0.1806,0.3157,0.1188,0.1072
116.0,4,0,0.2838,0.4595,0.1972,0.1947
116.0,4,10,0.2903,0.4693,0.2007,0.201
116.0,4,20,0.2871,0.4659,0.1949,0.2005
116.0,4,40,0.2787,0.4572,0.188,0.191
116.0,4,80,0.2608,0.4367,0.1613,0.1844
116.0,4,160,0.2349,0.3894,0.1406,0.1747
116.0,4,320,0.181,0.3157,0.1199,0.1075
116.0,6,0,0.2877,0.4623,0.2043,0.1965
116.0,6,10,0.2935,0.4712,0.207,0.2023
116.0,6,20,0.2898,0.4676,0.2003,0.2016
116.0,6,40,0.2804,0.4587,0.1905,0.1919
116.0,6,80,0.262,0.4384,0.1625,0.1851
116.0,6,160,0.2359,0.3918,0.1406,0.1753
116.0,6,320,0.1816,0.3157,0.1199,0.1093
116.0,8,0,0.2894,0.4637,0.2066,0.1979
116.0,8,10,0.2947,0.472,0.2086,0.2036
116.0,8,20,0.2907,0.4683,0.2012,0.2027
116.0,8,40,0.2813,0.4593,0.1911,0.1936
116.0,8,80,0.2627,0.4384,0.1629,0.1867
116.0,8,160,0.2363,0.3918,0.1406,0.1764
116.0,8,320,0.1816,0.3157,0.1199,0.1093
116.0,10,0,0.2913,0.4666,0.2079,0.1994
116.0,10,10,0.2966,0.4747,0.2096,0.2054
116.0,10,20,0.2924,0.4707,0.2022,0.2044
116.0,10,40,0.2829,0.4616,0.1916,0.1956
116.0,10,80,0.2638,0.4402,0.1629,0.1883
116.0,10,160,0.2363,0.3918,0.1406,0.1764
116.0,10,320,0.1816,0.3157,0.1199,0.1093
116.0,12,0,0.2927,0.468,0.2091,0.201
116.0,12,10,0.2977,0.4758,0.2101,0.2071
116.0,12,20,0.2936,0.4718,0.2028,0.2062
116.0,12,40,0.2837,0.4621,0.1919,0.1971
116.0,12,80,0.2644,0.4408,0.1629,0.1896
116.0,12,160,0.2363,0.3918,0.1406,0.1764
116.0,12,320,0.1816,0.3157,0.1199,0.1093
116.0,14,0,0.2936,0.4684,0.2095,0.203
116.0,14,10,0.298,0.4754,0.2099,0.2087
116.0,14,20,0.2938,0.4706,0.203,0.2079
116.0,14,40,0.2836,0.4621,0.192,0.1966
116.0,14,80,0.2652,0.4413,0.1629,0.1913
116.0,14,160,0.2362,0.3914,0.1406,0.1766
116.0,14,320,0.1816,0.3156,0.1199,0.1092
116.0,16,0,0.2926,0.4654,0.2098,0.2025
116.0,16,10,0.2965,0.472,0.2099,0.2077
116.0,16,20,0.2921,0.4666,0.2027,0.2069
116.0,16,40,0.2814,0.455,0.1916,0.1977
116.0,16,80,0.2633,0.4369,0.1625,0.1907
116.0,16,160,0.2351,0.3889,0.1402,0.1761
116.0,16,320,0.1805,0.3153,0.1195,0.1067
116.0,18,0,0.2877,0.4554,0.2091,0.1987
116.0,18,10,0.2908,0.4606,0.2088,0.203
116.0,18,20,0.2864,0.4548,0.2014,0.203
116.0,18,40,0.2768,0.4464,0.1901,0.1938
116.0,18,80,0.2588,0.4283,0.1619,0.1861
116.0,18,160,0.2298,0.3796,0.1396,0.1701
116.0,18,320,0.1768,0.3077,0.1189,0.1039
116.0,20,0,0.2745,0.4306,0.2037,0.1894
116.0,20,10,0.2769,0.4347,0.2029,0.1931
116.0,20,20,0.2736,0.4312,0.1969,0.1926
116.0,20,40,0.2638,0.4213,0.1866,0.1835
116.0,20,80,0.2447,0.4046,0.1585,0.171
116.0,20,160,0.2169,0.3605,0.1358,0.1545
116.0,20,320,0.1645,0.2888,0.1162,0.0886
116.0,22,0,0.2524,0.3916,0.1921,0.1735
116.0,22,10,0.2532,0.3944,0.1897,0.1756
116.0,22,20,0.2489,0.3893,0.1848,0.1727
116.0,22,40,0.2396,0.3792,0.1765,0.163
116.0,22,80,0.2217,0.364,0.1492,0.1519
116.0,22,160,0.1876,0.3162,0.123,0.1236
116.0,22,320,0.1431,0.2455,0.1041,0.0797
118.0,0,0,0.2586,0.4444,0.1588,0.1727
118.0,0,10,0.2629,0.4513,0.1594,0.178
118.0,0,20,0.2602,0.4462,0.1555,0.179
118.0,0,40,0.2522,0.4354,0.1484,0.1727
118.0,0,80,0.2384,0.413,0.1299,0.1723
118.0,0,160,0.2107,0.3625,0.1108,0.1587
118.0,0,320,0.1601,0.2866,0.0981,0.0954
118.0,2,0,0.262,0.4448,0.1616,0.1795
118.0,2,10,0.2659,0.4515,0.1615,0.1846
118.0,2,20,0.2627,0.4464,0.1573,0.1843
118.0,2,40,0.2545,0.4354,0.1498,0.1784
118.0,2,80,0.2398,0.413,0.1305,0.1759
118.0,2,160,0.2111,0.3625,0.1109,0.1598
118.0,2,320,0.1601,0.2866,0.0981,0.0954
118.0,4,0,0.2678,0.4469,0.1706,0.1859
118.0,4,10,0.271,0.4525,0.1704,0.19
118.0,4,20,0.2669,0.4474,0.1648,0.1886
118.0,4,40,0.2578,0.4365,0.1553,0.1815
118.0,4,80,0.2415,0.4134,0.1329,0.1781
118.0,4,160,0.2124,0.3647,0.1117,0.1609
118.0,4,320,0.1602,0.2866,0.0981,0.0957
118.0,6,0,0.2712,0.4489,0.1769,0.1876
118.0,6,10,0.2736,0.4539,0.1758,0.1912
118.0,6,20,0.2691,0.4487,0.1689,0.1896
118.0,6,40,0.2589,0.4375,0.1569,0.1823
118.0,6,80,0.2425,0.4141,0.1333,0.1801
118.0,6,160,0.2127,0.3649,0.1117,0.1615
118.0,6,320,0.1607,0.2866,0.0981,0.0975
118.0,8,0,0.2726,0.4501,0.1787,0.1889
118.0,8,10,0.2747,0.4546,0.1771,0.1924
118.0,8,20,0.27,0.4494,0.1697,0.191
118.0,8,40,0.2599,0.4383,0.1573,0.1842
118.0,8,80,0.2426,0.4142,0.1333,0.1804
118.0,8,160,0.2131,0.3649,0.1117,0.1626
118.0,8,320,0.1607,0.2866,0.0981,0.0975
118.0,10,0,0.2742,0.4527,0.1797,0.1903
118.0,10,10,0.2763,0.457,0.1777,0.1943
118.0,10,20,0.2715,0.452,0.1702,0.1924
118.0,10,40,0.2613,0.44,0.1576,0.1861
118.0,10,80,0.2444,0.417,0.1333,0.183
118.0,10,160,0.2131,0.3649,0.1117,0.1626
118.0,10,320,0.1607,0.2866,0.0981,0.0975
118.0,12,0,0.2753,0.4536,0.1806,0.1917
118.0,12,10,0.2772,0.4578,0.178,0.1959
118.0,12,20,0.2723,0.4524,0.1705,0.194
118.0,12,40,0.2617,0.4398,0.1576,0.1876
118.0,12,80,0.2445,0.4168,0.1333,0.1834
118.0,12,160,0.2131,0.3649,0.1117,0.1626
118.0,12,320,0.1607,0.2866,0.0981,0.0975
118.0,14,0,0.276,0.4535,0.1809,0.1934
118.0,14,10,0.2776,0.4571,0.1783,0.1973
118.0,14,20,0.2724,0.4513,0.1706,0.1953
118.0,14,40,0.2612,0.4389,0.1577,0.1869
118.0,14,80,0.2442,0.4156,0.1333,0.1838
118.0,14,160,0.213,0.3647,0.1117,0.1627
118.0,14,320,0.1607,0.2866,0.0981,0.0974
118.0,16,0,0.2746,0.4502,0.1811,0.1927
118.0,16,10,0.2757,0.4529,0.1781,0.1962
118.0,16,20,0.2703,0.4465,0.1704,0.1939
118.0,16,40,0.259,0.4325,0.1574,0.187
118.0,16,80,0.2423,0.4103,0.133,0.1837
118.0,16,160,0.2121,0.3624,0.1114,0.1624
118.0,16,320,0.1601,0.2862,0.0978,0.0962
118.0,18,0,0.2698,0.4399,0.1804,0.1891
118.0,18,10,0.2705,0.4414,0.1774,0.1927
118.0,18,20,0.2654,0.4356,0.17,0.1905
118.0,18,40,0.2549,0.4244,0.1571,0.1833
118.0,18,80,0.2369,0.4022,0.1328,0.1759
118.0,18,160,0.2075,0.3545,0.1112,0.1568
118.0,18,320,0.1578,0.2822,0.0976,0.0937
118.0,20,0,0.2573,0.416,0.1761,0.1799
118.0,20,10,0.2577,0.4173,0.173,0.1828
118.0,20,20,0.2537,0.4136,0.1671,0.1803
118.0,20,40,0.242,0.3996,0.1547,0.1717
118.0,20,80,0.2259,0.3828,0.1311,0.1637
118.0,20,160,0.1942,0.3351,0.1059,0.1416
118.0,20,320,0.1457,0.2635,0.0948,0.079
118.0,22,0,0.2361,0.3779,0.1661,0.1643
118.0,22,10,0.2352,0.3783,0.1619,0.1654
118.0,22,20,0.2298,0.3731,0.1568,0.1594
118.0,22,40,0.2187,0.3584,0.1455,0.1523
118.0,22,80,0.2018,0.3411,0.1228,0.1416
118.0,22,160,0.1667,0.2889,0.1001,0.1112
118.0,22,320,0.1183,0.225,0.0844,0.0454
120.0,0,0,0.2437,0.4291,0.1369,0.165
120.0,0,10,0.2456,0.4322,0.1351,0.1695
120.0,0,20,0.2421,0.4265,0.1303,0.1695
120.0,0,40,0.2338,0.4121,0.1267,0.1628
120.0,0,80,0.2196,0.3859,0.1088,0.1641
120.0,0,160,0.1916,0.3432,0.0889,0.1427
120.0,0,320,0.1369,0.2712,0.0653,0.0743
120.0,2,0,0.2469,0.4293,0.1395,0.172
120.0,2,10,0.2485,0.4323,0.1371,0.1761
120.0,2,20,0.2444,0.4265,0.1319,0.1748
120.0,2,40,0.2361,0.4121,0.1278,0.1684
120.0,2,80,0.2208,0.3859,0.1093,0.1673
120.0,2,160,0.192,0.3432,0.089,0.1437
120.0,2,320,0.1369,0.2712,0.0653,0.0743
120.0,4,0,0.2523,0.4311,0.1477,0.178
120.0,4,10,0.253,0.4333,0.1447,0.1811
120.0,4,20,0.2484,0.4272,0.1389,0.179
120.0,4,40,0.2388,0.4125,0.1325,0.1713
120.0,4,80,0.2228,0.3864,0.1113,0.1707
120.0,4,160,0.1926,0.3434,0.0897,0.1447
120.0,4,320,0.137,0.2712,0.0653,0.0746
120.0,6,0,0.2551,0.4326,0.1532,0.1795
120.0,6,10,0.2553,0.4344,0.1492,0.1822
120.0,6,20,0.2499,0.4284,0.1414,0.1799
120.0,6,40,0.2397,0.4137,0.1335,0.172
120.0,6,80,0.2234,0.3873,0.1116,0.1714
120.0,6,160,0.1928,0.3434,0.0897,0.1453
120.0,6,320,0.1376,0.2712,0.0653,0.0763
120.0,8,0,0.2563,0.4335,0.1546,0.1808
120.0,8,10,0.2561,0.4349,0.1501,0.1834
120.0,8,20,0.2508,0.4291,0.142,0.1814
120.0,8,40,0.2405,0.4138,0.1339,0.1739
120.0,8,80,0.2236,0.3875,0.1116,0.1717
120.0,8,160,0.1931,0.3434,0.0897,0.1463
120.0,8,320,0.1376,0.2712,0.0653,0.0763
120.0,10,0,0.2578,0.4358,0.1554,0.1823
120.0,10,10,0.2576,0.437,0.1506,0.1854
120.0,10,20,0.2523,0.4313,0.1424,0.1831
120.0,10,40,0.2417,0.4155,0.1341,0.1755
120.0,10,80,0.2252,0.3899,0.1116,0.1742
120.0,10,160,0.1931,0.3434,0.0897,0.1464
120.0,10,320,0.1376,0.2712,0.0653,0.0763
120.0,12,0,0.2587,0.4364,0.1561,0.1837
120.0,12,10,0.2585,0.4378,0.1507,0.1869
120.0,12,20,0.2529,0.4315,0.1424,0.1848
120.0,12,40,0.2421,0.4153,0.1341,0.1769
120.0,12,80,0.2253,0.3895,0.1116,0.1747
120.0,12,160,0.1931,0.3434,0.0897,0.1464
120.0,12,320,0.1376,0.2712,0.0653,0.0763
120.0,14,0,0.2592,0.4359,0.1565,0.1852
120.0,14,10,0.2585,0.4365,0.1509,0.1882
120.0,14,20,0.2528,0.4306,0.1425,0.1853
120.0,14,40,0.2415,0.4142,0.1341,0.1762
120.0,14,80,0.2245,0.3872,0.1116,0.1749
120.0,14,160,0.1932,0.3433,0.0897,0.1465
120.0,14,320,0.1376,0.2711,0.0653,0.0763
120.0,16,0,0.2577,0.4323,0.1565,0.1844
120.0,16,10,0.2567,0.4323,0.1507,0.187
120.0,16,20,0.2508,0.4255,0.1423,0.1847
120.0,16,40,0.2396,0.4086,0.1339,0.1762
120.0,16,80,0.2229,0.3829,0.1113,0.1745
120.0,16,160,0.1922,0.3409,0.0894,0.1462
120.0,16,320,0.137,0.2708,0.065,0.0752
120.0,18,0,0.2532,0.4226,0.156,0.181
120.0,18,10,0.2519,0.4215,0.1501,0.1841
120.0,18,20,0.246,0.4155,0.1419,0.1807
120.0,18,40,0.2357,0.4005,0.1341,0.1726
120.0,18,80,0.2182,0.3758,0.1112,0.1677
120.0,18,160,0.1876,0.3327,0.0893,0.1408
120.0,18,320,0.1346,0.2673,0.0649,0.0717
120.0,20,0,0.2414,0.3993,0.1526,0.1724
120.0,20,10,0.2398,0.3982,0.1462,0.1748
120.0,20,20,0.2347,0.3935,0.1395,0.1712
120.0,20,40,0.2243,0.3784,0.132,0.1626
120.0,20,80,0.2064,0.3581,0.1093,0.1518
120.0,20,160,0.1709,0.3138,0.084,0.1149
120.0,20,320,0.1238,0.2502,0.0634,0.058
120.0,22,0,0.2207,0.3615,0.1434,0.1573
120.0,22,10,0.218,0.36,0.136,0.158
120.0,22,20,0.2123,0.3543,0.1309,0.1516
120.0,22,40,0.2018,0.3383,0.1241,0.1431
120.0,22,80,0.182,0.3106,0.1032,0.1321
120.0,22,160,0.1481,0.2701,0.0789,0.0952
120.0,22,320,0.103,0.2121,0.0548,0.042
122.0,0,0,0.2306,0.4146,0.1185,0.1586
122.0,0,10,0.2314,0.4148,0.1168,0.1626
122.0,0,20,0.2272,0.4073,0.1106,0.1637
122.0,0,40,0.2182,0.3936,0.1073,0.1536
122.0,0,80,0.2006,0.3638,0.0821,0.1559
122.0,0,160,0.1738,0.3242,0.062,0.1351
122.0,0,320,0.1216,0.2527,0.0438,0.0684
122.0,2,0,0.2338,0.4148,0.1209,0.1657
122.0,2,10,0.2343,0.4149,0.1187,0.1693
122.0,2,20,0.2294,0.4073,0.1119,0.1691
122.0,2,40,0.2205,0.3936,0.1082,0.1596
122.0,2,80,0.2018,0.3638,0.0822,0.1593
122.0,2,160,0.1741,0.3242,0.0621,0.136
122.0,2,320,0.1216,0.2527,0.0438,0.0684
122.0,4,0,0.2387,0.416,0.1285,0.1716
122.0,4,10,0.2384,0.4156,0.1257,0.174
122.0,4,20,0.2328,0.4079,0.1171,0.1732
122.0,4,40,0.2227,0.3942,0.112,0.162
122.0,4,80,0.2036,0.3644,0.0834,0.163
122.0,4,160,0.1746,0.3242,0.0627,0.137
122.0,4,320,0.1217,0.2527,0.0438,0.0686
122.0,6,0,0.2412,0.4174,0.1334,0.173
122.0,6,10,0.2403,0.4167,0.1294,0.1749
122.0,6,20,0.2339,0.4087,0.1193,0.1738
122.0,6,40,0.2233,0.3947,0.1124,0.1628
122.0,6,80,0.2043,0.3659,0.0834,0.1636
122.0,6,160,0.1748,0.3242,0.0627,0.1376
122.0,6,320,0.1222,0.2527,0.0438,0.0702
122.0,8,0,0.2423,0.4181,0.1345,0.1741
122.0,8,10,0.241,0.4173,0.13,0.1759
122.0,8,20,0.2347,0.4092,0.1197,0.1751
122.0,8,40,0.2234,0.3947,0.1124,0.163
122.0,8,80,0.2044,0.3659,0.0834,0.164
122.0,8,160,0.1751,0.3242,0.0627,0.1385
122.0,8,320,0.1222,0.2527,0.0438,0.0702
122.0,10,0,0.2436,0.4201,0.1353,0.1755
122.0,10,10,0.2423,0.4191,0.1304,0.1776
122.0,10,20,0.236,0.4111,0.1201,0.1767
122.0,10,40,0.2246,0.3963,0.1126,0.1649
122.0,10,80,0.2048,0.3665,0.0834,0.1647
122.0,10,160,0.1751,0.3242,0.0627,0.1386
122.0,10,320,0.1222,0.2527,0.0438,0.0702
122.0,12,0,0.2444,0.4207,0.1358,0.1768
122.0,12,10,0.2431,0.4196,0.1305,0.1791
122.0,12,20,0.2366,0.411,0.1201,0.1787
122.0,12,40,0.2247,0.3961,0.1126,0.1656
122.0,12,80,0.2049,0.3661,0.0834,0.1652
122.0,12,160,0.1751,0.3242,0.0627,0.1386
122.0,12,320,0.1222,0.2527,0.0438,0.0702
122.0,14,0,0.2446,0.4198,0.136,0.1781
122.0,14,10,0.2429,0.4182,0.1306,0.1798
122.0,14,20,0.2362,0.4098,0.1201,0.1788
122.0,14,40,0.2245,0.3949,0.1126,0.1658
122.0,14,80,0.2042,0.3641,0.0834,0.1653
122.0,14,160,0.1754,0.3241,0.0627,0.1395
122.0,14,320,0.1222,0.2526,0.0438,0.0702
122.0,16,0,0.2432,0.4163,0.136,0.1773
122.0,16,10,0.2411,0.4142,0.1305,0.1787
122.0,16,20,0.2341,0.4047,0.12,0.1776
122.0,16,40,0.2221,0.3884,0.1124,0.1654
122.0,16,80,0.2037,0.3628,0.0832,0.1653
122.0,16,160,0.1747,0.323,0.0625,0.1387
122.0,16,320,0.1214,0.2523,0.0436,0.0682
122.0,18,0,0.2389,0.4069,0.1356,0.1742
122.0,18,10,0.2367,0.4039,0.1301,0.1761
122.0,18,20,0.2298,0.3959,0.1199,0.1736
122.0,18,40,0.2191,0.3816,0.1123,0.1634
122.0,18,80,0.1993,0.3563,0.0826,0.1591
122.0,18,160,0.1701,0.3169,0.0623,0.1311
122.0,18,320,0.1199,0.2498,0.0435,0.0666
122.0,20,0,0.2276,0.3842,0.1327,0.166
122.0,20,10,0.225,0.3814,0.1269,0.1668
122.0,20,20,0.2188,0.3741,0.1179,0.1646
122.0,20,40,0.2083,0.3612,0.111,0.1527
122.0,20,80,0.1885,0.3385,0.0814,0.1457
122.0,20,160,0.1541,0.2918,0.0611,0.1095
122.0,20,320,0.1127,0.2394,0.0423,0.0564
122.0,22,0,0.2073,0.3469,0.1242,0.151
122.0,22,10,0.2042,0.3444,0.1176,0.1505
122.0,22,20,0.1978,0.3364,0.1101,0.1468
122.0,22,40,0.1866,0.3234,0.1034,0.1331
122.0,22,80,0.1663,0.2945,0.0757,0.1287
122.0,22,160,0.1343,0.2544,0.0576,0.0908
122.0,22,320,0.0917,0.1995,0.0349,0.0407
124.0,0,0,0.2169,0.3974,0.1015,0.1519
124.0,0,10,0.2162,0.3955,0.0978,0.1552
124.0,0,20,0.2121,0.3888,0.0922,0.1554
124.0,0,40,0.2027,0.375,0.0866,0.1466
124.0,0,80,0.1838,0.3434,0.0618,0.1461
124.0,0,160,0.1553,0.3017,0.0464,0.1177
124.0,0,320,0.1084,0.2348,0.0359,0.0544
124.0,2,0,0.2201,0.3975,0.1036,0.159
124.0,2,10,0.2189,0.3956,0.0993,0.1618
124.0,2,20,0.2143,0.3888,0.0933,0.1609
124.0,2,40,0.2049,0.375,0.0873,0.1525
124.0,2,80,0.185,0.3434,0.0619,0.1496
124.0,2,160,0.1557,0.3017,0.0469,0.1185
124.0,2,320,0.1084,0.2348,0.0359,0.0544
124.0,4,0,0.2244,0.3985,0.1101,0.1646
124.0,4,10,0.2225,0.3962,0.1048,0.1664
124.0,4,20,0.2173,0.3893,0.0978,0.1647
124.0,4,40,0.207,0.3754,0.0904,0.1551
124.0,4,80,0.1865,0.3448,0.0628,0.1519
124.0,4,160,0.156,0.3017,0.0469,0.1195
124.0,4,320,0.1084,0.2348,0.0359,0.0546
124.0,6,0,0.2266,0.3996,0.1142,0.1658
124.0,6,10,0.224,0.397,0.1078,0.1672
124.0,6,20,0.2182,0.39,0.0995,0.1652
124.0,6,40,0.2075,0.376,0.0907,0.1557
124.0,6,80,0.1868,0.345,0.0628,0.1525
124.0,6,160,0.1562,0.3017,0.0469,0.12
124.0,6,320,0.109,0.2348,0.0359,0.0562
124.0,8,0,0.2274,0.4002,0.1151,0.1668
124.0,8,10,0.2246,0.3976,0.1083,0.1679
124.0,8,20,0.2189,0.3902,0.0999,0.1665
124.0,8,40,0.2078,0.376,0.0907,0.1567
124.0,8,80,0.1869,0.345,0.0628,0.1528
124.0,8,160,0.1565,0.3017,0.0469,0.1209
124.0,8,320,0.109,0.2348,0.0359,0.0562
124.0,10,0,0.2286,0.4019,0.1159,0.1681
124.0,10,10,0.2259,0.3991,0.1087,0.1697
124.0,10,20,0.2198,0.3916,0.1002,0.1677
124.0,10,40,0.2085,0.3771,0.0909,0.1575
124.0,10,80,0.1871,0.345,0.0628,0.1535
124.0,10,160,0.1565,0.3017,0.0469,0.1209
124.0,10,320,0.109,0.2348,0.0359,0.0562
124.0,12,0,0.2293,0.4024,0.1163,0.1693
124.0,12,10,0.2265,0.3996,0.1088,0.171
124.0,12,20,0.2202,0.3912,0.1002,0.169
124.0,12,40,0.2087,0.3774,0.0909,0.1579
124.0,12,80,0.1872,0.3447,0.0628,0.154
124.0,12,160,0.1565,0.3017,0.0469,0.121
124.0,12,320,0.109,0.2348,0.0359,0.0562
124.0,14,0,0.2294,0.4014,0.1165,0.1704
124.0,14,10,0.2262,0.3981,0.1089,0.1716
124.0,14,20,0.2198,0.3901,0.1002,0.1691
124.0,14,40,0.2085,0.376,0.0909,0.1586
124.0,14,80,0.1865,0.3426,0.0628,0.1541
124.0,14,160,0.1568,0.3017,0.0469,0.1217
124.0,14,320,0.1089,0.2347,0.0359,0.0562
124.0,16,0,0.228,0.3979,0.1166,0.1696
124.0,16,10,0.2244,0.3942,0.1088,0.1704
124.0,16,20,0.2177,0.3849,0.1001,0.1682
124.0,16,40,0.2061,0.3693,0.0907,0.1584
124.0,16,80,0.1862,0.3419,0.0626,0.1541
124.0,16,160,0.1564,0.3014,0.0467,0.1211
124.0,16,320,0.1086,0.2344,0.0357,0.0556
124.0,18,0,0.2238,0.3886,0.1162,0.1666
124.0,18,10,0.2202,0.3843,0.1085,0.1677
124.0,18,20,0.2139,0.3767,0.0999,0.165
124.0,18,40,0.2036,0.3635,0.0906,0.1566
124.0,18,80,0.1832,0.3357,0.0626,0.1514
124.0,18,160,0.1534,0.296,0.0465,0.1175
124.0,18,320,0.1069,0.2307,0.0356,0.0543
124.0,20,0,0.2131,0.367,0.1137,0.1585
124.0,20,10,0.2096,0.3629,0.107,0.159
124.0,20,20,0.2034,0.3561,0.0984,0.1556
124.0,20,40,0.1927,0.3438,0.0877,0.1465
124.0,20,80,0.1716,0.313,0.0617,0.14
124.0,20,160,0.1361,0.2657,0.0454,0.0971
124.0,20,320,0.0984,0.2225,0.0344,0.0383
124.0,22,0,0.1937,0.3308,0.1064,0.1439
124.0,22,10,0.1897,0.3275,0.0986,0.143
124.0,22,20,0.1829,0.3188,0.0912,0.1386
124.0,22,40,0.1726,0.3073,0.0826,0.1278
124.0,22,80,0.1513,0.2733,0.0574,0.1232
124.0,22,160,0.1191,0.2392,0.0424,0.0756
124.0,22,320,0.0806,0.1855,0.028,0.0285
126.0,0,0,0.2047,0.3811,0.0867,0.1461
126.0,0,10,0.2026,0.3778,0.0815,0.1483
126.0,0,20,0.1974,0.3693,0.0765,0.1463
126.0,0,40,0.1871,0.3557,0.0638,0.1419
126.0,0,80,0.1712,0.3255,0.0529,0.1352
126.0,0,160,0.1357,0.2691,0.0421,0.0959
126.0,0,320,0.1015,0.2205,0.0322,0.0518
126.0,2,0,0.2077,0.3812,0.0887,0.1532
126.0,2,10,0.2051,0.3778,0.0829,0.1546
126.0,2,20,0.1994,0.3693,0.0774,0.1516
126.0,2,40,0.1891,0.3557,0.0643,0.1475
126.0,2,80,0.1724,0.3255,0.0531,0.1385
126.0,2,160,0.136,0.2691,0.0421,0.0969
126.0,2,320,0.1015,0.2205,0.0322,0.0518
126.0,4,0,0.2115,0.3819,0.0942,0.1584
126.0,4,10,0.2083,0.3785,0.0873,0.159
126.0,4,20,0.202,0.3697,0.0811,0.1552
126.0,4,40,0.1904,0.356,0.0652,0.15
126.0,4,80,0.1735,0.3266,0.0532,0.1407
126.0,4,160,0.1363,0.2691,0.0421,0.0978
126.0,4,320,0.1016,0.2205,0.0322,0.052
126.0,6,0,0.2133,0.3828,0.0976,0.1595
126.0,6,10,0.2095,0.3792,0.0895,0.1597
126.0,6,20,0.2027,0.3705,0.0819,0.1558
126.0,6,40,0.191,0.3572,0.0653,0.1506
126.0,6,80,0.1737,0.3267,0.0532,0.1413
126.0,6,160,0.1365,0.2691,0.0421,0.0983
126.0,6,320,0.1021,0.2205,0.0322,0.0535
126.0,8,0,0.214,0.3833,0.0983,0.1604
126.0,8,10,0.2099,0.3794,0.0898,0.1606
126.0,8,20,0.2032,0.3706,0.0821,0.157
126.0,8,40,0.1914,0.3572,0.0653,0.1516
126.0,8,80,0.1739,0.3267,0.0532,0.1416
126.0,8,160,0.1368,0.2691,0.0421,0.0993
126.0,8,320,0.1021,0.2205,0.0322,0.0535
126.0,10,0,0.2151,0.3848,0.0988,0.1618
126.0,10,10,0.211,0.3807,0.09,0.1623
126.0,10,20,0.2041,0.3717,0.0823,0.1584
126.0,10,40,0.1916,0.3572,0.0653,0.1523
126.0,10,80,0.1741,0.3267,0.0532,0.1423
126.0,10,160,0.1368,0.2691,0.0421,0.0993
126.0,10,320,0.1021,0.2205,0.0322,0.0535
126.0,12,0,0.2157,0.385,0.0991,0.163
126.0,12,10,0.2115,0.3808,0.09,0.1636
126.0,12,20,0.2043,0.3712,0.0823,0.1593
126.0,12,40,0.1917,0.3572,0.0653,0.1527
126.0,12,80,0.1739,0.3257,0.0532,0.1427
126.0,12,160,0.1368,0.2691,0.0421,0.0993
126.0,12,320,0.1021,0.2205,0.0322,0.0535
126.0,14,0,0.2157,0.3838,0.0993,0.164
126.0,14,10,0.2111,0.3793,0.0901,0.164
126.0,14,20,0.2039,0.3698,0.0823,0.1596
126.0,14,40,0.1914,0.356,0.0653,0.1527
126.0,14,80,0.1734,0.3244,0.0532,0.1427
126.0,14,160,0.1368,0.2691,0.0421,0.0993
126.0,14,320,0.102,0.2205,0.0322,0.0535
126.0,16,0,0.2144,0.3804,0.0993,0.1634
126.0,16,10,0.2096,0.3755,0.09,0.1634
126.0,16,20,0.202,0.3652,0.0824,0.1585
126.0,16,40,0.1896,0.3505,0.0653,0.1528
126.0,16,80,0.173,0.3233,0.0532,0.1425
126.0,16,160,0.1364,0.2688,0.0421,0.0984
126.0,16,320,0.1019,0.2202,0.0322,0.0533
126.0,18,0,0.2106,0.3721,0.099,0.1607
126.0,18,10,0.2058,0.3669,0.0897,0.1608
126.0,18,20,0.1987,0.3576,0.0822,0.1563
126.0,18,40,0.1872,0.3448,0.065,0.1517
126.0,18,80,0.1704,0.3178,0.0532,0.1401
126.0,18,160,0.1336,0.2636,0.0419,0.0953
126.0,18,320,0.1004,0.218,0.032,0.051
126.0,20,0,0.2001,0.3508,0.097,0.1526
126.0,20,10,0.1955,0.3459,0.0887,0.1519
126.0,20,20,0.1886,0.3379,0.081,0.1467
126.0,20,40,0.1771,0.3269,0.0642,0.1401
126.0,20,80,0.1583,0.2929,0.0518,0.1302
126.0,20,160,0.1169,0.2309,0.0408,0.0791
126.0,20,320,0.0883,0.2104,0.0263,0.0282
126.0,22,0,0.1814,0.3157,0.0904,0.1383
126.0,22,10,0.1762,0.3111,0.0811,0.1365
126.0,22,20,0.169,0.3014,0.0742,0.1315
126.0,22,40,0.158,0.2899,0.0608,0.1234
126.0,22,80,0.1393,0.2558,0.0487,0.1134
126.0,22,160,0.105,0.2068,0.0383,0.07
126.0,22,320,0.0749,0.1729,0.0252,0.0268
128.0,0,0,0.1926,0.3623,0.075,0.1403
128.0,0,10,0.19,0.3582,0.0694,0.1424
128.0,0,20,0.1864,0.3512,0.0672,0.1409
128.0,0,40,0.1757,0.3344,0.0542,0.1385
128.0,0,80,0.158,0.3027,0.0438,0.1275
128.0,0,160,0.1256,0.2517,0.036,0.0892
128.0,0,320,0.0911,0.2105,0.0212,0.0415
128.0,2,0,0.1955,0.3624,0.0767,0.1472
128.0,2,10,0.1924,0.3583,0.0705,0.1485
128.0,2,20,0.1884,0.3512,0.0679,0.1462
128.0,2,40,0.1777,0.3344,0.0546,0.1443
128.0,2,80,0.1592,0.3027,0.044,0.1307
128.0,2,160,0.1259,0.2517,0.036,0.0901
128.0,2,320,0.0911,0.2105,0.0212,0.0415
128.0,4,0,0.1989,0.363,0.0815,0.1523
128.0,4,10,0.1952,0.3587,0.074,0.1529
128.0,4,20,0.1908,0.3516,0.0709,0.1499
128.0,4,40,0.179,0.3347,0.0554,0.1469
128.0,4,80,0.1599,0.3029,0.044,0.1329
128.0,4,160,0.1262,0.2517,0.036,0.0909
128.0,4,320,0.0916,0.2105,0.0212,0.0431
128.0,6,0,0.2005,0.3637,0.0843,0.1534
128.0,6,10,0.1962,0.3594,0.0755,0.1536
128.0,6,20,0.1914,0.3523,0.0716,0.1504
128.0,6,40,0.1795,0.3356,0.0555,0.1474
128.0,6,80,0.1601,0.3029,0.044,0.1334
128.0,6,160,0.1264,0.2517,0.036,0.0915
128.0,6,320,0.0916,0.2105,0.0212,0.0431
128.0,8,0,0.201,0.3641,0.0848,0.1541
128.0,8,10,0.1965,0.3595,0.0757,0.1544
128.0,8,20,0.1919,0.3523,0.0717,0.1516
128.0,8,40,0.1799,0.3357,0.0555,0.1485
128.0,8,80,0.1602,0.3029,0.044,0.1336
128.0,8,160,0.1267,0.2517,0.036,0.0924
128.0,8,320,0.0916,0.2105,0.0212,0.0431
128.0,10,0,0.2021,0.3654,0.0853,0.1555
128.0,10,10,0.1977,0.3608,0.076,0.1563
128.0,10,20,0.1926,0.3529,0.0719,0.153
128.0,10,40,0.1802,0.3359,0.0555,0.1491
128.0,10,80,0.1604,0.3029,0.044,0.1342
128.0,10,160,0.1267,0.2517,0.036,0.0924
128.0,10,320,0.0916,0.2105,0.0212,0.0431
128.0,12,0,0.2026,0.3655,0.0855,0.1568
128.0,12,10,0.198,0.3605,0.076,0.1574
128.0,12,20,0.1928,0.3524,0.0719,0.1539
128.0,12,40,0.1802,0.3356,0.0555,0.1495
128.0,12,80,0.1601,0.3018,0.044,0.1346
128.0,12,160,0.1267,0.2517,0.036,0.0924
128.0,12,320,0.0916,0.2105,0.0212,0.0431
128.0,14,0,0.2026,0.3644,0.0857,0.1576
128.0,14,10,0.1977,0.3593,0.076,0.1578
128.0,14,20,0.1923,0.3513,0.0719,0.1537
128.0,14,40,0.1799,0.3346,0.0555,0.1497
128.0,14,80,0.1598,0.3006,0.044,0.1347
128.0,14,160,0.1267,0.2516,0.036,0.0924
128.0,14,320,0.0916,0.2105,0.0212,0.0431
128.0,16,0,0.2014,0.3612,0.0857,0.1572
128.0,16,10,0.1964,0.3558,0.0759,0.1574
128.0,16,20,0.191,0.3474,0.072,0.1536
128.0,16,40,0.1782,0.3295,0.0555,0.1498
128.0,16,80,0.1594,0.2996,0.044,0.1346
128.0,16,160,0.1265,0.2514,0.036,0.0922
128.0,16,320,0.0914,0.2102,0.0212,0.0429
128.0,18,0,0.1981,0.3538,0.0855,0.155
128.0,18,10,0.193,0.3479,0.0758,0.1553
128.0,18,20,0.188,0.3404,0.0718,0.1517
128.0,18,40,0.176,0.3242,0.0554,0.1484
128.0,18,80,0.1569,0.2943,0.0439,0.1324
128.0,18,160,0.1244,0.2481,0.0358,0.0893
128.0,18,320,0.0904,0.208,0.0212,0.042
128.0,20,0,0.1882,0.3335,0.0837,0.1473
128.0,20,10,0.1831,0.328,0.0747,0.1466
128.0,20,20,0.1782,0.3211,0.0707,0.1426
128.0,20,40,0.1667,0.3081,0.0544,0.1375
128.0,20,80,0.1459,0.2721,0.0428,0.123
128.0,20,160,0.1085,0.2173,0.0348,0.0733
128.0,20,320,0.0778,0.1941,0.0209,0.0184
128.0,22,0,0.1699,0.2992,0.0776,0.1329
128.0,22,10,0.1648,0.294,0.0684,0.132
128.0,22,20,0.1596,0.2865,0.0646,0.1276
128.0,22,40,0.1481,0.2727,0.0512,0.1204
128.0,22,80,0.1274,0.2393,0.0361,0.1069
128.0,22,160,0.0964,0.1963,0.0325,0.0604
128.0,22,320,0.0662,0.1618,0.0199,0.017
130.0,0,0,0.1813,0.3451,0.0651,0.1338
130.0,0,10,0.1789,0.3403,0.0601,0.1362
130.0,0,20,0.1738,0.3325,0.0577,0.1312
130.0,0,40,0.1631,0.3162,0.0436,0.1297
130.0,0,80,0.1439,0.2765,0.0378,0.1174
130.0,0,160,0.1124,0.2268,0.0326,0.0779
130.0,0,320,0.0784,0.1933,0.0148,0.0271
130.0,2,0,0.184,0.3452,0.0666,0.1402
130.0,2,10,0.1812,0.3404,0.061,0.1421
130.0,2,20,0.1757,0.3325,0.0584,0.1362
130.0,2,40,0.165,0.3162,0.0437,0.1352
130.0,2,80,0.1448,0.2765,0.0378,0.1201
130.0,2,160,0.1124,0.2268,0.0326,0.0779
130.0,2,320,0.0784,0.1933,0.0148,0.0271
130.0,4,0,0.1871,0.3457,0.0707,0.145
130.0,4,10,0.1837,0.3407,0.0639,0.1464
130.0,4,20,0.1778,0.3329,0.0609,0.1397
130.0,4,40,0.1664,0.3165,0.0443,0.1383
130.0,4,80,0.1455,0.2766,0.0378,0.1219
130.0,4,160,0.1125,0.2268,0.0326,0.0781
130.0,4,320,0.0789,0.1933,0.0148,0.0284
130.0,6,0,0.1884,0.3464,0.073,0.146
130.0,6,10,0.1846,0.3414,0.0652,0.1471
130.0,6,20,0.1784,0.3337,0.0614,0.1402
130.0,6,40,0.1668,0.3173,0.0444,0.1388
130.0,6,80,0.1456,0.2766,0.0378,0.1224
130.0,6,160,0.1126,0.2268,0.0326,0.0786
130.0,6,320,0.0789,0.1933,0.0148,0.0284
130.0,8,0,0.189,0.3467,0.0735,0.1467
130.0,8,10,0.1849,0.3414,0.0654,0.1478
130.0,8,20,0.1788,0.3337,0.0615,0.1413
130.0,8,40,0.1669,0.3173,0.0444,0.1391
130.0,8,80,0.1457,0.2766,0.0378,0.1227
130.0,8,160,0.1129,0.2268,0.0326,0.0794
130.0,8,320,0.0789,0.1933,0.0148,0.0284
130.0,10,0,0.1899,0.3477,0.0738,0.148
130.0,10,10,0.1857,0.3423,0.0655,0.1494
130.0,10,20,0.1794,0.3338,0.0615,0.1428
130.0,10,40,0.1671,0.3173,0.0444,0.1396
130.0,10,80,0.1459,0.2766,0.0378,0.1232
130.0,10,160,0.1129,0.2268,0.0326,0.0794
130.0,10,320,0.0789,0.1933,0.0148,0.0284
130.0,12,0,0.1903,0.3476,0.074,0.1492
130.0,12,10,0.1859,0.342,0.0655,0.1502
130.0,12,20,0.1793,0.3333,0.0615,0.1432
130.0,12,40,0.1671,0.317,0.0444,0.14
130.0,12,80,0.1457,0.2756,0.0378,0.1236
130.0,12,160,0.1129,0.2268,0.0326,0.0794
130.0,12,320,0.0789,0.1933,0.0148,0.0284
130.0,14,0,0.1901,0.3464,0.074,0.1498
130.0,14,10,0.1856,0.3406,0.0655,0.1506
130.0,14,20,0.179,0.3321,0.0615,0.1432
130.0,14,40,0.1668,0.3159,0.0444,0.14
130.0,14,80,0.1453,0.2744,0.0378,0.1236
130.0,14,160,0.1129,0.2268,0.0326,0.0794
130.0,14,320,0.0789,0.1933,0.0148,0.0284
130.0,16,0,0.1889,0.3434,0.0741,0.1493
130.0,16,10,0.1844,0.3376,0.0655,0.1501
130.0,16,20,0.1777,0.3283,0.0616,0.1431
130.0,16,40,0.1652,0.311,0.0444,0.1401
130.0,16,80,0.1449,0.2735,0.0378,0.1235
130.0,16,160,0.1128,0.2265,0.0326,0.0792
130.0,16,320,0.0787,0.193,0.0148,0.0282
130.0,18,0,0.1858,0.3363,0.0739,0.1474
130.0,18,10,0.181,0.33,0.0654,0.1476
130.0,18,20,0.175,0.3219,0.0614,0.1418
130.0,18,40,0.163,0.306,0.0444,0.1387
130.0,18,80,0.1425,0.2686,0.0377,0.1213
130.0,18,160,0.1068,0.2172,0.0324,0.0707
130.0,18,320,0.075,0.191,0.0148,0.0192
130.0,20,0,0.1765,0.317,0.0726,0.14
130.0,20,10,0.1716,0.3113,0.0643,0.1391
130.0,20,20,0.166,0.3038,0.0603,0.134
130.0,20,40,0.1545,0.2902,0.0433,0.1301
130.0,20,80,0.1324,0.2475,0.0366,0.113
130.0,20,160,0.0983,0.2017,0.0314,0.0617
130.0,20,320,0.0701,0.1776,0.0146,0.018
130.0,22,0,0.1592,0.2835,0.0676,0.1264
130.0,22,10,0.1542,0.278,0.0589,0.1256
130.0,22,20,0.1477,0.269,0.0544,0.1195
130.0,22,40,0.1367,0.2552,0.0411,0.1138
130.0,22,80,0.115,0.2167,0.0325,0.0959
130.0,22,160,0.085,0.1704,0.027,0.0578
130.0,22,320,0.061,0.1524,0.0138,0.0166
132.0,0,0,0.1704,0.3284,0.0558,0.1269
132.0,0,10,0.1672,0.3232,0.0501,0.1284
132.0,0,20,0.1614,0.315,0.0462,0.1229
132.0,0,40,0.1528,0.2989,0.036,0.1235
132.0,0,80,0.1334,0.2603,0.03,0.1098
132.0,0,160,0.0985,0.2091,0.0261,0.0602
132.0,0,320,0.0638,0.1615,0.0121,0.0179
132.0,2,0,0.1728,0.3284,0.0571,0.133
132.0,2,10,0.1693,0.3233,0.0509,0.1337
132.0,2,20,0.1631,0.315,0.0467,0.1275
132.0,2,40,0.1544,0.2989,0.0361,0.1283
132.0,2,80,0.1342,0.2603,0.03,0.1124
132.0,2,160,0.0985,0.2091,0.0261,0.0602
132.0,2,320,0.0638,0.1615,0.0121,0.0179
132.0,4,0,0.1756,0.3288,0.0606,0.1375
132.0,4,10,0.1714,0.3236,0.0531,0.1376
132.0,4,20,0.1647,0.3153,0.048,0.1308
132.0,4,40,0.1554,0.2992,0.0366,0.1304
132.0,4,80,0.1348,0.2604,0.03,0.114
132.0,4,160,0.0985,0.2091,0.0261,0.0604
132.0,4,320,0.0643,0.1615,0.0121,0.0191
132.0,6,0,0.1767,0.3294,0.0624,0.1383
132.0,6,10,0.1721,0.3241,0.0541,0.1382
132.0,6,20,0.1653,0.3161,0.0485,0.1312
132.0,6,40,0.1558,0.2999,0.0366,0.1308
132.0,6,80,0.135,0.2604,0.03,0.1144
132.0,6,160,0.0987,0.2091,0.0261,0.0608
132.0,6,320,0.0643,0.1615,0.0121,0.0191
132.0,8,0,0.1771,0.3296,0.0628,0.139
132.0,8,10,0.1724,0.3241,0.0543,0.1388
132.0,8,20,0.1656,0.3161,0.0485,0.1322
132.0,8,40,0.1559,0.2999,0.0366,0.1311
132.0,8,80,0.135,0.2604,0.03,0.1147
132.0,8,160,0.0989,0.2091,0.0261,0.0616
132.0,8,320,0.0643,0.1615,0.0121,0.0191
132.0,10,0,0.1779,0.3304,0.0631,0.1401
132.0,10,10,0.173,0.3248,0.0543,0.1401
132.0,10,20,0.166,0.3161,0.0485,0.1334
132.0,10,40,0.156,0.2999,0.0366,0.1316
132.0,10,80,0.1352,0.2604,0.03,0.1152
132.0,10,160,0.0989,0.2091,0.0261,0.0616
132.0,10,320,0.0643,0.1615,0.0121,0.0191
132.0,12,0,0.1782,0.3302,0.0632,0.1411
132.0,12,10,0.1732,0.3245,0.0543,0.1409
132.0,12,20,0.1659,0.3156,0.0485,0.1337
132.0,12,40,0.1561,0.2996,0.0366,0.132
132.0,12,80,0.135,0.2595,0.03,0.1156
132.0,12,160,0.0989,0.2091,0.0261,0.0616
132.0,12,320,0.0643,0.1615,0.0121,0.0191
132.0,14,0,0.178,0.3291,0.0632,0.1416
132.0,14,10,0.1729,0.3232,0.0543,0.1412
132.0,14,20,0.1656,0.3146,0.0485,0.1337
132.0,14,40,0.1557,0.2986,0.0366,0.132
132.0,14,80,0.1347,0.2584,0.03,0.1156
132.0,14,160,0.0989,0.2091,0.0261,0.0616
132.0,14,320,0.0642,0.1615,0.0121,0.0191
132.0,16,0,0.1769,0.3261,0.0633,0.1413
132.0,16,10,0.1717,0.3201,0.0543,0.1409
132.0,16,20,0.1645,0.311,0.0485,0.1339
132.0,16,40,0.1542,0.2938,0.0366,0.1321
132.0,16,80,0.1345,0.258,0.03,0.1155
132.0,16,160,0.0988,0.2089,0.0261,0.0615
132.0,16,320,0.0641,0.1613,0.0121,0.019
132.0,18,0,0.174,0.3194,0.0631,0.1393
132.0,18,10,0.1685,0.3131,0.0542,0.1384
132.0,18,20,0.162,0.3051,0.0483,0.1326
132.0,18,40,0.1523,0.2895,0.0366,0.1307
132.0,18,80,0.1323,0.2535,0.03,0.1132
132.0,18,160,0.0954,0.2067,0.0261,0.0535
132.0,18,320,0.0634,0.1595,0.0121,0.0185
132.0,20,0,0.1649,0.3009,0.062,0.1319
132.0,20,10,0.1594,0.2953,0.0531,0.1298
132.0,20,20,0.1531,0.2879,0.0473,0.1241
132.0,20,40,0.1443,0.2745,0.0362,0.1223
132.0,20,80,0.1234,0.2352,0.0297,0.1054
132.0,20,160,0.0877,0.1946,0.023,0.0455
132.0,20,320,0.0588,0.1469,0.012,0.0174
132.0,22,0,0.1483,0.2688,0.0575,0.1186
132.0,22,10,0.1428,0.2635,0.0483,0.1165
132.0,22,20,0.1359,0.2553,0.0429,0.1094
132.0,22,40,0.1271,0.2396,0.0347,0.1071
132.0,22,80,0.1075,0.2074,0.0284,0.0865
132.0,22,160,0.0766,0.1645,0.0223,0.0432
132.0,22,320,0.0505,0.13,0.0055,0.016
134.0,0,0,0.1609,0.3135,0.047,0.1222
134.0,0,10,0.1577,0.3069,0.0426,0.1236
134.0,0,20,0.1512,0.2988,0.0366,0.1181
134.0,0,40,0.144,0.281,0.0309,0.1201
134.0,0,80,0.1212,0.2362,0.0241,0.1034
134.0,0,160,0.091,0.1956,0.0192,0.0583
134.0,0,320,0.0561,0.1495,0.0,0.0188
134.0,2,0,0.1631,0.3135,0.048,0.1277
134.0,2,10,0.1595,0.3069,0.0432,0.1283
134.0,2,20,0.1526,0.2988,0.0369,0.1222
134.0,2,40,0.1455,0.281,0.0309,0.1244
134.0,2,80,0.1219,0.2362,0.0241,0.1055
134.0,2,160,0.091,0.1956,0.0192,0.0583
134.0,2,320,0.0561,0.1495,0.0,0.0188
134.0,4,0,0.1656,0.3139,0.0509,0.1321
134.0,4,10,0.1614,0.3072,0.045,0.132
134.0,4,20,0.1541,0.2991,0.0378,0.1254
134.0,4,40,0.1463,0.2813,0.0313,0.1262
134.0,4,80,0.1224,0.2362,0.0241,0.1068
134.0,4,160,0.0911,0.1956,0.0192,0.0584
134.0,4,320,0.0561,0.1495,0.0,0.0188
134.0,6,0,0.1666,0.3144,0.0524,0.1329
134.0,6,10,0.162,0.3077,0.0457,0.1325
134.0,6,20,0.1545,0.2997,0.038,0.1258
134.0,6,40,0.1466,0.2819,0.0313,0.1266
134.0,6,80,0.1225,0.2362,0.0241,0.1072
134.0,6,160,0.0912,0.1956,0.0192,0.0589
134.0,6,320,0.0561,0.1495,0.0,0.0188
134.0,8,0,0.1669,0.3146,0.0527,0.1335
134.0,8,10,0.1622,0.3077,0.0458,0.1331
134.0,8,20,0.1548,0.2997,0.038,0.1267
134.0,8,40,0.1467,0.2819,0.0313,0.1269
134.0,8,80,0.1226,0.2362,0.0241,0.1075
134.0,8,160,0.0915,0.1956,0.0192,0.0596
134.0,8,320,0.0561,0.1495,0.0,0.0188
134.0,10,0,0.1675,0.3153,0.0528,0.1345
134.0,10,10,0.1628,0.3082,0.0458,0.1344
134.0,10,20,0.1551,0.2997,0.038,0.1275
134.0,10,40,0.1469,0.2819,0.0313,0.1274
134.0,10,80,0.1228,0.2362,0.0241,0.1079
134.0,10,160,0.0915,0.1956,0.0192,0.0596
134.0,10,320,0.0561,0.1495,0.0,0.0188
134.0,12,0,0.1678,0.3151,0.0529,0.1354
134.0,12,10,0.163,0.308,0.0458,0.1352
134.0,12,20,0.1551,0.2993,0.038,0.1279
134.0,12,40,0.1469,0.2817,0.0313,0.1277
134.0,12,80,0.1229,0.2362,0.0241,0.1083
134.0,12,160,0.0915,0.1956,0.0192,0.0596
134.0,12,320,0.0561,0.1495,0.0,0.0188
134.0,14,0,0.1675,0.3138,0.0529,0.1357
134.0,14,10,0.1626,0.3067,0.0458,0.1353
134.0,14,20,0.1546,0.298,0.038,0.1279
134.0,14,40,0.1465,0.2803,0.0313,0.1277
134.0,14,80,0.1229,0.2362,0.0241,0.1083
134.0,14,160,0.0915,0.1956,0.0192,0.0596
134.0,14,320,0.0561,0.1495,0.0,0.0188
134.0,16,0,0.1665,0.3112,0.053,0.1353
134.0,16,10,0.1616,0.304,0.0458,0.1349
134.0,16,20,0.1537,0.2949,0.038,0.1281
134.0,16,40,0.1456,0.2776,0.0313,0.1279
134.0,16,80,0.1225,0.2352,0.0241,0.1082
134.0,16,160,0.0914,0.1954,0.0192,0.0595
134.0,16,320,0.056,0.1493,0.0,0.0187
134.0,18,0,0.1636,0.3046,0.053,0.1334
134.0,18,10,0.1585,0.2972,0.0458,0.1324
134.0,18,20,0.1514,0.2895,0.038,0.1266
134.0,18,40,0.1437,0.2732,0.0313,0.1265
134.0,18,80,0.1201,0.2307,0.0241,0.1055
134.0,18,160,0.0881,0.1932,0.0192,0.0518
134.0,18,320,0.0553,0.1476,0.0,0.0182
134.0,20,0,0.155,0.2866,0.0521,0.1263
134.0,20,10,0.15,0.2802,0.0452,0.1245
134.0,20,20,0.1427,0.2728,0.037,0.1181
134.0,20,40,0.1358,0.258,0.031,0.1184
134.0,20,80,0.1104,0.2136,0.0238,0.0938
134.0,20,160,0.0816,0.1816,0.0191,0.0441
134.0,20,320,0.0488,0.1293,0.0,0.0172
134.0,22,0,0.1393,0.2561,0.0482,0.1136
134.0,22,10,0.1343,0.2498,0.0413,0.1117
134.0,22,20,0.1273,0.2412,0.0359,0.1046
134.0,22,40,0.1208,0.2283,0.0299,0.1042
134.0,22,80,0.0973,0.1896,0.0228,0.0794
134.0,22,160,0.0711,0.1529,0.0186,0.0417
134.0,22,320,0.0463,0.1232,0.0,0.0158
136.0,0,0,0.151,0.2962,0.0407,0.1161
136.0,0,10,0.1464,0.2894,0.0336,0.1161
136.0,0,20,0.1406,0.2806,0.0297,0.1116
136.0,0,40,0.1323,0.2633,0.0244,0.1092
136.0,0,80,0.106,0.2181,0.0194,0.0805
136.0,0,160,0.0825,0.1823,0.0114,0.0539
136.0,0,320,0.0538,0.143,0.0,0.0184
136.0,2,0,0.1531,0.2962,0.0416,0.1215
136.0,2,10,0.148,0.2894,0.0341,0.1206
136.0,2,20,0.142,0.2806,0.0299,0.1154
136.0,2,40,0.1336,0.2633,0.0245,0.113
136.0,2,80,0.1064,0.2181,0.0194,0.0816
136.0,2,160,0.0825,0.1823,0.0114,0.0539
136.0,2,320,0.0538,0.143,0.0,0.0184
136.0,4,0,0.1554,0.2965,0.0442,0.1256
136.0,4,10,0.1496,0.2896,0.0352,0.1241
136.0,4,20,0.1433,0.2808,0.0307,0.1185
136.0,4,40,0.1343,0.2635,0.0248,0.1145
136.0,4,80,0.1068,0.2181,0.0194,0.0829
136.0,4,160,0.0826,0.1823,0.0114,0.054
136.0,4,320,0.0538,0.143,0.0,0.0184
136.0,6,0,0.1563,0.297,0.0454,0.1263
136.0,6,10,0.1501,0.2901,0.0357,0.1246
136.0,6,20,0.1437,0.2814,0.0308,0.1189
136.0,6,40,0.1346,0.2641,0.0248,0.1149
136.0,6,80,0.1069,0.2181,0.0194,0.0833
136.0,6,160,0.0827,0.1823,0.0114,0.0544
136.0,6,320,0.0538,0.143,0.0,0.0184
136.0,8,0,0.1566,0.2972,0.0456,0.1269
136.0,8,10,0.1504,0.2901,0.0357,0.1253
136.0,8,20,0.1438,0.2814,0.0308,0.1192
136.0,8,40,0.1347,0.2641,0.0248,0.1151
136.0,8,80,0.107,0.2181,0.0194,0.0835
136.0,8,160,0.083,0.1823,0.0114,0.0552
136.0,8,320,0.0538,0.143,0.0,0.0184
136.0,10,0,0.1571,0.2977,0.0457,0.1278
136.0,10,10,0.1508,0.2905,0.0357,0.1261
136.0,10,20,0.144,0.2814,0.0308,0.1197
136.0,10,40,0.1348,0.2641,0.0248,0.1156
136.0,10,80,0.1072,0.2181,0.0194,0.084
136.0,10,160,0.083,0.1823,0.0114,0.0552
136.0,10,320,0.0538,0.143,0.0,0.0184
136.0,12,0,0.1573,0.2975,0.0458,0.1286
136.0,12,10,0.1509,0.2903,0.0357,0.1267
136.0,12,20,0.144,0.2812,0.0308,0.12
136.0,12,40,0.1349,0.2639,0.0248,0.1159
136.0,12,80,0.1072,0.2181,0.0194,0.084
136.0,12,160,0.083,0.1823,0.0114,0.0552
136.0,12,320,0.0538,0.143,0.0,0.0184
136.0,14,0,0.157,0.2962,0.0458,0.1289
136.0,14,10,0.1505,0.2891,0.0357,0.1269
136.0,14,20,0.1436,0.2799,0.0308,0.12
136.0,14,40,0.1344,0.2625,0.0248,0.1159
136.0,14,80,0.1071,0.2181,0.0194,0.084
136.0,14,160,0.0829,0.1823,0.0114,0.0552
136.0,14,320,0.0538,0.143,0.0,0.0184
136.0,16,0,0.156,0.2936,0.0458,0.1285
136.0,16,10,0.1493,0.2861,0.0357,0.1263
136.0,16,20,0.1427,0.2772,0.0308,0.1202
136.0,16,40,0.1336,0.2601,0.0248,0.116
136.0,16,80,0.1068,0.2171,0.0194,0.0838
136.0,16,160,0.0828,0.1821,0.0114,0.055
136.0,16,320,0.0537,0.1428,0.0,0.0182
136.0,18,0,0.1532,0.2871,0.0458,0.1267
136.0,18,10,0.1464,0.2795,0.0357,0.1241
136.0,18,20,0.1405,0.272,0.0308,0.1188
136.0,18,40,0.1315,0.2558,0.0248,0.1139
136.0,18,80,0.1042,0.2119,0.0194,0.0814
136.0,18,160,0.0798,0.1801,0.0114,0.0478
136.0,18,320,0.0521,0.1384,0.0,0.0178
136.0,20,0,0.1452,0.2703,0.0451,0.1202
136.0,20,10,0.1386,0.2636,0.0351,0.117
136.0,20,20,0.1325,0.2561,0.0303,0.111
136.0,20,40,0.1239,0.2415,0.0246,0.1057
136.0,20,80,0.0948,0.1963,0.0192,0.069
136.0,20,160,0.0736,0.1689,0.0114,0.0407
136.0,20,320,0.0468,0.1236,0.0,0.0168
136.0,22,0,0.1305,0.2419,0.0417,0.1079
136.0,22,10,0.1238,0.2355,0.0319,0.1042
136.0,22,20,0.1182,0.2271,0.0291,0.0985
136.0,22,40,0.1096,0.2128,0.0233,0.0925
136.0,22,80,0.0842,0.1763,0.0167,0.0594
136.0,22,160,0.0644,0.1439,0.0109,0.0383
136.0,22,320,0.0425,0.112,0.0,0.0154
138.0,0,0,0.1414,0.2806,0.0346,0.1091
138.0,0,10,0.1364,0.2737,0.0278,0.1078
138.0,0,20,0.1295,0.2634,0.0214,0.1037
138.0,0,40,0.1208,0.248,0.0178,0.0965
138.0,0,80,0.0986,0.2057,0.016,0.0741
138.0,0,160,0.0699,0.1679,0.0072,0.0346
138.0,0,320,0.0468,0.1225,0.0,0.0178
138.0,2,0,0.1433,0.2806,0.0354,0.1139
138.0,2,10,0.1378,0.2737,0.0281,0.1117
138.0,2,20,0.1307,0.2634,0.0215,0.1071
138.0,2,40,0.1217,0.248,0.0178,0.0993
138.0,2,80,0.0989,0.2057,0.016,0.0751
138.0,2,160,0.0699,0.1679,0.0072,0.0346
138.0,2,320,0.0468,0.1225,0.0,0.0178
138.0,4,0,0.1453,0.2809,0.0374,0.1176
138.0,4,10,0.1392,0.2739,0.0289,0.1147
138.0,4,20,0.1319,0.2638,0.0218,0.11
138.0,4,40,0.1225,0.2487,0.018,0.1007
138.0,4,80,0.0994,0.2057,0.016,0.0764
138.0,4,160,0.07,0.1679,0.0072,0.0347
138.0,4,320,0.0468,0.1225,0.0,0.0178
138.0,6,0,0.146,0.2812,0.0384,0.1183
138.0,6,10,0.1396,0.2742,0.0293,0.1152
138.0,6,20,0.1321,0.2641,0.0219,0.1103
138.0,6,40,0.1226,0.2487,0.018,0.101
138.0,6,80,0.0995,0.2057,0.016,0.0767
138.0,6,160,0.0701,0.1679,0.0072,0.0351
138.0,6,320,0.0468,0.1225,0.0,0.0178
138.0,8,0,0.1462,0.2814,0.0385,0.1188
138.0,8,10,0.1397,0.2742,0.0293,0.1156
138.0,8,20,0.1322,0.2641,0.0219,0.1105
138.0,8,40,0.1227,0.2487,0.018,0.1012
138.0,8,80,0.0995,0.2057,0.016,0.0769
138.0,8,160,0.0703,0.1679,0.0072,0.0357
138.0,8,320,0.0468,0.1225,0.0,0.0178
138.0,10,0,0.1467,0.2818,0.0386,0.1196
138.0,10,10,0.1401,0.2745,0.0293,0.1164
138.0,10,20,0.1323,0.2641,0.0219,0.111
138.0,10,40,0.1228,0.2487,0.018,0.1017
138.0,10,80,0.0997,0.2057,0.016,0.0774
138.0,10,160,0.0703,0.1679,0.0072,0.0357
138.0,10,320,0.0468,0.1225,0.0,0.0178
138.0,12,0,0.1469,0.2816,0.0386,0.1203
138.0,12,10,0.1401,0.2743,0.0293,0.1169
138.0,12,20,0.1323,0.2639,0.0219,0.1113
138.0,12,40,0.1228,0.2485,0.018,0.1019
138.0,12,80,0.0997,0.2057,0.016,0.0774
138.0,12,160,0.0703,0.1679,0.0072,0.0357
138.0,12,320,0.0468,0.1225,0.0,0.0178
138.0,14,0,0.1466,0.2805,0.0387,0.1206
138.0,14,10,0.1398,0.273,0.0293,0.117
138.0,14,20,0.132,0.2628,0.0219,0.1113
138.0,14,40,0.1224,0.2472,0.018,0.1019
138.0,14,80,0.0997,0.2057,0.016,0.0774
138.0,14,160,0.0703,0.1679,0.0072,0.0357
138.0,14,320,0.0468,0.1225,0.0,0.0178
138.0,16,0,0.1458,0.2782,0.0387,0.1203
138.0,16,10,0.1388,0.2707,0.0293,0.1165
138.0,16,20,0.1312,0.2602,0.0219,0.1114
138.0,16,40,0.1217,0.245,0.018,0.102
138.0,16,80,0.0993,0.2046,0.016,0.0773
138.0,16,160,0.0702,0.1677,0.0072,0.0356
138.0,16,320,0.0467,0.1223,0.0,0.0177
138.0,18,0,0.1432,0.2721,0.0388,0.1186
138.0,18,10,0.1361,0.2645,0.0293,0.1145
138.0,18,20,0.1291,0.2553,0.0219,0.1102
138.0,18,40,0.1198,0.2413,0.018,0.1001
138.0,18,80,0.0971,0.2002,0.016,0.0752
138.0,18,160,0.0694,0.1662,0.0072,0.0349
138.0,18,320,0.0461,0.1211,0.0,0.0172
138.0,20,0,0.1357,0.2564,0.0381,0.1126
138.0,20,10,0.1289,0.2497,0.0287,0.1082
138.0,20,20,0.1219,0.2409,0.0217,0.1032
138.0,20,40,0.1112,0.2252,0.0177,0.0907
138.0,20,80,0.0873,0.184,0.0143,0.0635
138.0,20,160,0.0648,0.1601,0.0072,0.0271
138.0,20,320,0.0445,0.1174,0.0,0.0162
138.0,22,0,0.122,0.2295,0.0351,0.1014
138.0,22,10,0.115,0.2228,0.0257,0.0965
138.0,22,20,0.1085,0.2143,0.0208,0.0903
138.0,22,40,0.1005,0.201,0.0168,0.0837
138.0,22,80,0.0773,0.1656,0.014,0.0523
138.0,22,160,0.056,0.1363,0.0069,0.0248
138.0,22,320,0.0392,0.1028,0.0,0.0149
140.0,0,0,0.1319,0.2636,0.0302,0.1021
140.0,0,10,0.1266,0.2576,0.0225,0.0999
140.0,0,20,0.1187,0.2449,0.0145,0.0966
140.0,0,40,0.1098,0.2309,0.0144,0.0842
140.0,0,80,0.0861,0.187,0.0117,0.0596
140.0,0,160,0.0639,0.1535,0.005,0.0331
140.0,0,320,0.0415,0.1071,0.0,0.0174
140.0,2,0,0.1336,0.2636,0.0308,0.1065
140.0,2,10,0.1278,0.2576,0.0227,0.1033
140.0,2,20,0.1197,0.2449,0.0146,0.0995
140.0,2,40,0.1106,0.2309,0.0145,0.0864
140.0,2,80,0.0862,0.187,0.0117,0.0598
140.0,2,160,0.0639,0.1535,0.005,0.0331
140.0,2,320,0.0415,0.1071,0.0,0.0174
140.0,4,0,0.1354,0.2638,0.0326,0.1098
140.0,4,10,0.129,0.2577,0.0234,0.106
140.0,4,20,0.1206,0.245,0.0148,0.102
140.0,4,40,0.1111,0.231,0.0146,0.0877
140.0,4,80,0.0864,0.187,0.0117,0.0606
140.0,4,160,0.0639,0.1535,0.005,0.0333
140.0,4,320,0.0415,0.1071,0.0,0.0174
140.0,6,0,0.136,0.2641,0.0335,0.1104
140.0,6,10,0.1294,0.258,0.0237,0.1065
140.0,6,20,0.1208,0.2453,0.0148,0.1023
140.0,6,40,0.1112,0.231,0.0146,0.0881
140.0,6,80,0.0866,0.187,0.0117,0.0611
140.0,6,160,0.0642,0.1535,0.005,0.0342
140.0,6,320,0.0415,0.1071,0.0,0.0174
140.0,8,0,0.1362,0.2642,0.0336,0.1108
140.0,8,10,0.1295,0.258,0.0237,0.1068
140.0,8,20,0.1209,0.2453,0.0148,0.1025
140.0,8,40,0.1112,0.231,0.0146,0.0882
140.0,8,80,0.0866,0.187,0.0117,0.0612
140.0,8,160,0.0642,0.1535,0.005,0.0342
140.0,8,320,0.0415,0.1071,0.0,0.0174
140.0,10,0,0.1366,0.2645,0.0336,0.1116
140.0,10,10,0.1297,0.2582,0.0237,0.1072
140.0,10,20,0.121,0.2453,0.0148,0.1029
140.0,10,40,0.1114,0.231,0.0146,0.0886
140.0,10,80,0.0868,0.187,0.0117,0.0616
140.0,10,160,0.0642,0.1535,0.005,0.0342
140.0,10,320,0.0415,0.1071,0.0,0.0174
140.0,12,0,0.1367,0.2644,0.0337,0.1121
140.0,12,10,0.1297,0.2579,0.0237,0.1076
140.0,12,20,0.121,0.2451,0.0148,0.1032
140.0,12,40,0.1115,0.231,0.0146,0.0889
140.0,12,80,0.0868,0.187,0.0117,0.0616
140.0,12,160,0.0642,0.1535,0.005,0.0342
140.0,12,320,0.0415,0.1071,0.0,0.0174
140.0,14,0,0.1365,0.2635,0.0337,0.1123
140.0,14,10,0.1295,0.2569,0.0237,0.1078
140.0,14,20,0.1207,0.2443,0.0148,0.1032
140.0,14,40,0.1112,0.2302,0.0146,0.0889
140.0,14,80,0.0867,0.1869,0.0117,0.0616
140.0,14,160,0.0642,0.1535,0.005,0.0342
140.0,14,320,0.0415,0.1071,0.0,0.0174
140.0,16,0,0.1359,0.2617,0.0337,0.1121
140.0,16,10,0.1287,0.2549,0.0237,0.1076
140.0,16,20,0.1204,0.243,0.0148,0.1033
140.0,16,40,0.1105,0.228,0.0146,0.0889
140.0,16,80,0.0867,0.1868,0.0117,0.0615
140.0,16,160,0.0641,0.1533,0.005,0.0341
140.0,16,320,0.0414,0.1069,0.0,0.0173
140.0,18,0,0.1335,0.2562,0.0338,0.1104
140.0,18,10,0.1262,0.2494,0.0238,0.1055
140.0,18,20,0.1185,0.2387,0.0148,0.1021
140.0,18,40,0.109,0.2247,0.0146,0.0879
140.0,18,80,0.0845,0.1825,0.0117,0.0594
140.0,18,160,0.0635,0.1521,0.005,0.0335
140.0,18,320,0.0409,0.1059,0.0,0.0169
140.0,20,0,0.1264,0.2418,0.0331,0.1044
140.0,20,10,0.1196,0.236,0.0233,0.0994
140.0,20,20,0.1117,0.2254,0.0148,0.095
140.0,20,40,0.1015,0.2092,0.0145,0.0807
140.0,20,80,0.0792,0.1713,0.0117,0.0546
140.0,20,160,0.0591,0.1465,0.005,0.0259
140.0,20,320,0.0396,0.1031,0.0,0.0158
140.0,22,0,0.1135,0.2163,0.0307,0.0934
140.0,22,10,0.1065,0.2107,0.0209,0.0879
140.0,22,20,0.0995,0.2013,0.0142,0.0829
140.0,22,40,0.0911,0.1884,0.0134,0.0715
140.0,22,80,0.0702,0.1553,0.0115,0.0439
140.0,22,160,0.0501,0.1218,0.0047,0.0238
140.0,22,320,0.0343,0.0884,0.0,0.0145
